O_score,C_score,E_score,A_score,N_score,Numerical Aptitude,Spatial Aptitude,Perceptual Aptitude,Abstract Reasoning,Verbal Reasoning,Career,StrandCategory
7.01,7.36,5.01,5.68,6.16,9.75,5.77,7.99,8.65,6.44,Accountant,ABM
3.59,4.51,3.15,4.66,5.14,9.31,7.41,8.52,8.4,7.8,Scientist,STEM
9.06,10.09,8.41,9.71,10.26,5.98,6.99,5.06,5.51,5.2,Counselor,HUMSS
3.94,3.98,2.25,4.62,4.62,8.3,8.6,8.71,9.7,8.28,Analyst,STEM
9.43,9.51,8.14,9.77,11.42,5.76,6.56,6.81,6.27,6.29,Social Worker,HUMSS
6.58,6.12,6.47,5.49,7.57,8.18,5.16,6.56,8.9,7.66,Tax Accountant,ABM
7.88,10.74,9.49,9.55,6.75,6.98,4.78,7.88,4.46,5.01,Social Worker,HUMSS
6.15,6.89,5.91,4.51,5.05,9.8,6.98,7.15,10.19,7.69,Tax Accountant,ABM
7.19,5.49,6.09,6.11,5.76,7.98,7.44,6.66,8.95,8.41,Accountant,ABM
6.45,4.4,4.16,5.65,4.43,9.52,8.06,9.44,9.38,7.17,Analyst,STEM
5.96,6.12,5.74,5.2,6.92,8.46,7.51,7.12,8.77,7.53,Accountant,ABM
7.3,9.86,9.58,4.87,9.42,7.78,5.08,6.21,6.17,5.99,Diplomat,HUMSS
3.82,3.38,5.4,3.03,4.19,10.77,8.64,7.39,9.26,7.67,Analyst,STEM
6.31,6.05,7.12,8.0,4.92,7.2,7.08,7.5,9.19,7.46,Business Analyst,ABM
8.16,10.27,9.27,9.84,9.19,8.15,6.61,6.79,6.45,5.62,Journalist,HUMSS
5.05,7.08,4.0,4.71,5.32,9.19,7.6,5.95,9.6,8.22,Financial Analyst,ABM
11.05,8.89,9.01,5.83,10.21,6.35,7.57,4.63,5.19,5.89,Teacher,HUMSS
9.76,8.35,8.69,9.05,8.86,5.12,5.78,6.07,5.21,4.72,Diplomat,HUMSS
8.16,6.93,8.16,3.72,5.14,9.04,9.56,8.32,7.97,6.36,Tax Accountant,ABM
2.63,5.04,3.83,2.8,4.34,8.41,9.82,8.91,9.45,8.63,Technician,STEM
8.23,8.69,10.55,9.56,11.47,7.08,4.99,8.43,6.85,6.42,Social Worker,HUMSS
9.44,10.17,7.66,8.29,9.4,4.64,5.18,6.04,4.51,5.48,Teacher,HUMSS
4.01,4.65,5.0,5.4,6.03,3.96,6.62,6.82,2.05,4.52,Chef,GAS
4.9,5.97,7.05,5.68,7.35,8.41,8.63,5.44,8.61,7.18,Business Analyst,ABM
7.79,8.56,9.11,7.32,7.94,4.79,6.56,5.4,5.8,6.42,Social Worker,HUMSS
6.33,5.6,7.08,6.26,5.81,10.89,5.67,8.0,9.13,4.27,Financial Analyst,ABM
3.42,2.35,3.8,6.22,2.72,9.91,9.64,8.28,10.75,8.14,Engineer,STEM
8.87,9.44,9.46,7.56,9.98,5.77,5.61,5.42,5.98,6.63,Social Worker,HUMSS
7.65,7.81,9.41,10.52,10.2,5.31,6.74,6.34,7.46,6.95,Journalist,HUMSS
8.32,8.69,8.94,9.7,11.26,6.93,3.92,5.54,7.22,6.85,Counselor,HUMSS
4.28,2.97,4.67,5.81,5.27,9.16,9.37,9.42,9.55,8.58,Analyst,STEM
5.27,6.06,5.36,6.55,4.64,4.33,5.13,4.76,7.5,5.23,Chef,GAS
9.59,10.16,9.45,9.92,8.23,6.1,6.96,4.42,5.95,5.25,Counselor,HUMSS
3.24,5.13,9.91,6.61,4.3,3.65,3.63,3.03,7.29,5.94,Police Officer,GAS
4.48,3.59,1.92,6.3,4.19,8.84,8.23,9.03,9.81,8.72,Technician,STEM
7.92,10.15,10.01,8.78,8.47,6.85,6.07,5.48,7.0,5.47,Social Worker,HUMSS
4.08,3.4,5.22,4.43,3.93,10.32,9.04,7.5,8.94,8.58,Analyst,STEM
3.36,4.77,4.85,4.35,3.23,6.68,7.25,8.35,5.8,8.8,Architect,STEM
1.33,2.56,5.51,4.12,5.98,5.52,6.83,5.91,3.92,3.88,Event Coordinator,GAS
4.27,2.45,6.34,8.12,2.42,2.41,3.88,4.89,1.94,6.51,Nurse,GAS
2.43,4.23,3.87,3.77,4.93,8.45,9.84,8.62,10.79,9.49,Analyst,STEM
6.25,4.32,5.97,6.64,6.02,9.45,6.9,7.02,8.24,5.27,Business Analyst,ABM
3.78,3.74,5.4,5.31,3.85,9.29,8.08,8.29,8.42,9.49,Architect,STEM
4.42,1.91,2.69,5.24,2.62,3.42,4.09,5.58,7.84,1.29,Artist,GAS
5.9,6.71,5.1,6.91,7.28,8.51,6.74,6.66,9.56,8.52,Financial Analyst,ABM
3.64,3.9,3.68,3.61,4.28,8.86,9.97,8.47,9.46,8.58,Technician,STEM
3.23,3.59,4.1,3.96,5.13,9.16,8.99,6.31,9.15,9.29,Engineer,STEM
6.96,2.54,5.85,7.49,6.87,4.84,6.81,4.45,5.94,4.01,Artist,GAS
8.94,10.4,8.38,8.56,8.44,5.3,4.53,6.07,7.1,5.91,Diplomat,HUMSS
0.49,5.22,-0.68,6.75,6.82,2.92,2.88,6.22,4.1,2.66,Chef,GAS
9.16,8.07,8.6,8.66,8.74,5.68,5.65,5.87,5.97,7.72,Social Worker,HUMSS
3.18,3.59,4.09,1.53,8.45,3.69,8.54,2.7,6.89,5.04,Fashion Designer,GAS
5.23,6.34,5.18,7.15,7.26,7.92,7.73,7.58,9.06,7.5,Business Analyst,ABM
4.25,5.13,6.29,2.89,5.72,6.16,8.82,6.49,0.74,4.75,Chef,GAS
5.34,7.35,4.58,3.98,4.64,8.49,7.34,6.97,8.58,5.64,Manager,ABM
9.62,-0.22,2.91,5.29,7.07,5.93,2.41,2.49,6.93,4.48,Artist,GAS
5.55,4.75,6.58,3.99,9.04,6.58,7.38,2.74,3.37,2.56,Fashion Designer,GAS
5.98,2.23,5.92,3.11,6.56,7.48,1.26,5.58,5.86,2.51,Nurse,GAS
8.42,8.66,7.05,9.29,8.48,6.47,5.17,5.57,4.79,8.06,Journalist,HUMSS
4.87,5.4,7.82,3.65,5.69,5.82,4.33,6.75,6.0,3.31,Police Officer,GAS
9.13,8.79,8.2,7.64,8.2,4.69,5.05,6.66,7.18,5.9,Diplomat,HUMSS
4.57,5.21,4.93,2.32,3.06,6.66,5.59,5.12,6.16,5.45,Chef,GAS
3.56,2.56,3.0,5.23,4.37,9.39,7.86,7.53,7.23,8.86,Engineer,STEM
8.26,6.93,5.49,5.01,4.9,8.31,7.06,6.38,8.43,6.2,Tax Accountant,ABM
9.09,9.17,9.88,9.35,9.36,4.38,6.45,6.61,5.76,6.41,Teacher,HUMSS
6.14,7.36,7.38,4.26,6.97,8.51,6.19,6.02,8.17,6.22,Tax Accountant,ABM
5.89,6.97,7.86,7.0,6.49,9.2,7.26,7.36,8.01,5.55,Financial Analyst,ABM
5.06,2.69,3.95,3.33,4.71,3.03,7.6,6.94,8.1,2.98,Artist,GAS
3.7,5.76,3.29,6.93,1.69,5.56,4.08,2.37,6.56,7.59,Nurse,GAS
7.77,7.1,8.17,9.22,10.16,4.48,6.65,5.6,6.03,5.97,Lawyer,HUMSS
6.34,7.07,6.89,6.91,4.71,7.87,5.98,8.04,9.87,5.09,Accountant,ABM
6.78,5.28,5.99,6.54,6.14,8.91,8.26,8.48,9.27,7.05,Financial Analyst,ABM
4.17,2.02,3.38,4.65,3.15,9.09,9.97,8.51,9.56,8.43,Analyst,STEM
3.7,4.25,2.78,1.93,2.28,8.64,8.76,10.0,8.44,8.9,Scientist,STEM
5.06,6.92,5.41,6.37,7.09,9.84,7.67,7.22,8.01,6.97,Business Analyst,ABM
5.05,5.6,4.69,5.27,6.49,9.8,6.85,5.06,8.09,7.52,Manager,ABM
8.93,5.84,4.49,4.82,4.51,4.83,6.85,5.29,4.69,2.13,Fashion Designer,GAS
2.48,3.46,2.64,6.75,6.5,4.79,5.37,6.48,4.18,4.26,Police Officer,GAS
9.98,10.24,9.89,8.33,10.31,5.26,6.07,6.03,4.83,5.48,Diplomat,HUMSS
5.24,4.27,3.82,2.55,5.39,9.81,10.0,8.96,9.48,10.35,Analyst,STEM
5.34,3.25,3.09,4.78,4.68,7.25,9.39,8.99,9.36,7.62,Architect,STEM
10.22,10.22,8.52,9.86,8.55,5.78,4.62,5.41,6.27,6.22,Journalist,HUMSS
5.19,5.07,6.12,4.3,8.83,4.77,6.21,5.56,5.42,4.75,Chef,GAS
8.43,9.86,8.96,9.55,9.93,6.57,6.55,5.38,7.16,5.83,Teacher,HUMSS
9.05,9.62,9.77,7.9,9.56,6.18,5.72,8.63,6.27,3.79,Diplomat,HUMSS
3.44,5.0,5.75,6.52,1.17,4.66,8.59,5.16,3.65,2.96,Fashion Designer,GAS
9.12,9.8,8.6,8.47,10.49,5.28,7.54,5.56,5.99,7.77,Lawyer,HUMSS
4.39,3.71,4.41,2.28,5.7,7.65,6.6,7.3,4.1,2.74,Nurse,GAS
2.6,3.29,4.65,3.29,3.17,9.26,8.09,9.89,8.5,9.32,Developer,STEM
7.21,5.92,6.34,6.64,5.52,8.2,7.07,6.94,8.1,6.15,Accountant,ABM
3.73,4.36,4.49,4.1,6.08,6.49,9.96,10.93,8.94,8.46,Architect,STEM
3.15,8.33,4.8,6.18,4.5,5.07,3.63,2.5,7.99,5.1,Nurse,GAS
5.72,5.04,5.45,4.08,5.07,5.98,2.34,5.3,6.35,10.5,Event Coordinator,GAS
6.95,6.69,6.83,5.56,4.69,7.69,7.55,6.39,8.12,6.02,Business Analyst,ABM
9.37,7.82,8.63,10.38,6.44,4.93,7.02,4.57,6.04,5.75,Journalist,HUMSS
9.03,8.59,8.19,7.74,10.34,6.54,7.42,6.89,5.47,5.93,Counselor,HUMSS
10.15,8.86,8.14,9.47,8.27,6.34,5.68,6.01,5.36,6.2,Lawyer,HUMSS
8.74,9.99,8.25,8.43,8.64,5.46,5.68,6.95,4.12,4.58,Journalist,HUMSS
4.14,3.87,3.22,4.51,4.25,8.7,9.96,9.23,10.53,7.82,Developer,STEM
6.81,5.4,8.23,5.31,6.35,1.23,4.75,4.92,4.21,2.74,Event Coordinator,GAS
5.1,3.83,2.94,3.42,3.74,8.92,8.96,9.31,9.1,8.49,Technician,STEM
6.62,5.83,6.5,7.79,5.25,8.61,6.65,8.0,10.01,6.5,Manager,ABM
3.87,5.44,6.94,7.11,6.49,8.45,8.03,6.8,8.14,7.87,Planner,ABM
6.07,4.39,2.28,4.94,4.19,9.53,12.39,8.78,8.42,8.96,Technician,STEM
10.1,9.72,7.48,9.07,8.46,5.76,5.62,4.47,5.62,6.99,Teacher,HUMSS
10.21,10.67,8.06,8.98,6.98,6.09,5.62,5.02,6.09,6.93,Journalist,HUMSS
5.82,6.24,5.07,7.33,7.61,7.47,8.35,7.1,8.13,8.52,Accountant,ABM
9.12,10.19,9.48,9.06,9.92,5.7,7.71,7.52,6.29,7.15,Social Worker,HUMSS
6.59,6.71,6.02,6.25,6.14,8.5,5.8,5.88,9.83,5.49,Planner,ABM
5.82,5.45,7.37,5.85,6.39,8.47,7.71,7.4,8.61,8.92,Business Analyst,ABM
6.33,3.83,4.18,5.06,4.52,8.3,10.53,9.51,9.79,8.2,Scientist,STEM
4.21,3.99,4.32,6.36,9.87,6.09,6.69,6.08,7.71,7.48,Artist,GAS
3.25,5.3,5.58,3.65,5.92,9.42,9.25,8.96,8.45,8.42,Engineer,STEM
4.09,6.72,7.4,6.59,5.33,5.82,1.92,6.65,8.15,4.42,Fashion Designer,GAS
4.49,2.3,5.52,7.22,4.56,9.2,4.76,2.92,5.58,4.03,Chef,GAS
9.56,8.94,8.91,9.3,8.73,5.11,7.57,4.8,5.87,5.85,Counselor,HUMSS
7.56,6.14,5.86,3.87,6.88,8.13,5.71,7.86,6.92,6.38,Planner,ABM
8.19,8.15,8.07,9.34,8.78,6.06,6.39,4.81,5.31,7.15,Social Worker,HUMSS
8.52,8.1,12.71,9.77,9.92,4.93,7.52,5.85,6.22,7.33,Social Worker,HUMSS
9.05,8.1,9.28,6.04,8.93,6.2,5.66,5.34,5.85,5.12,Diplomat,HUMSS
4.12,4.28,4.72,4.39,5.2,9.28,9.15,7.84,8.4,10.81,Scientist,STEM
7.77,9.41,8.28,9.56,9.93,5.86,6.88,4.67,4.71,7.05,Teacher,HUMSS
8.73,8.22,8.42,8.62,9.19,6.69,6.09,4.76,7.01,4.16,Journalist,HUMSS
4.46,7.36,5.53,5.42,5.42,3.35,5.3,3.9,1.72,5.57,Fashion Designer,GAS
6.23,6.99,6.11,5.02,5.23,9.28,8.25,6.46,10.3,6.82,Planner,ABM
3.82,6.45,5.62,4.05,3.47,7.33,7.99,9.51,10.57,8.49,Technician,STEM
5.84,4.44,2.81,4.6,4.35,10.64,8.41,9.33,8.57,8.71,Architect,STEM
5.76,3.78,4.2,3.93,5.73,9.49,7.33,9.39,8.28,8.16,Scientist,STEM
4.76,4.91,4.36,3.98,5.16,10.27,8.99,10.32,9.39,9.21,Engineer,STEM
8.33,8.28,8.37,9.19,10.58,6.98,5.44,6.71,3.52,6.01,Journalist,HUMSS
8.05,9.37,10.49,9.6,10.28,6.29,6.44,5.61,5.51,5.62,Diplomat,HUMSS
4.38,4.92,5.25,3.01,5.33,8.37,8.15,9.41,9.09,8.08,Engineer,STEM
4.83,4.02,3.74,3.73,3.84,9.58,8.52,8.26,7.51,9.73,Architect,STEM
8.05,9.98,9.6,8.86,10.2,7.16,4.78,4.05,6.2,5.42,Counselor,HUMSS
4.2,7.59,7.51,4.99,2.17,5.24,6.08,6.2,6.14,4.62,Event Coordinator,GAS
8.15,8.54,9.81,8.56,9.29,7.67,4.64,4.88,5.57,6.89,Teacher,HUMSS
3.62,7.04,5.01,4.31,4.67,2.38,5.53,7.19,3.71,2.29,Police Officer,GAS
6.71,7.54,7.2,5.2,4.79,10.02,5.31,5.76,11.09,5.3,Manager,ABM
5.78,6.08,8.13,2.48,2.58,5.78,6.45,7.75,4.23,5.8,Artist,GAS
5.25,4.62,4.84,3.75,4.43,10.31,8.55,8.48,8.07,9.34,Engineer,STEM
4.9,3.94,3.76,4.57,3.72,8.5,9.46,7.11,8.93,7.03,Scientist,STEM
6.55,5.58,5.93,8.17,5.76,9.73,7.59,6.62,8.84,7.68,Business Analyst,ABM
5.76,4.97,5.85,4.74,4.94,8.69,6.98,7.26,10.3,7.29,Financial Analyst,ABM
2.66,5.16,3.85,2.0,2.4,10.08,8.52,7.77,7.9,8.02,Engineer,STEM
7.09,7.57,3.43,6.04,2.21,7.45,4.04,2.25,4.33,5.52,Event Coordinator,GAS
6.5,6.0,5.38,5.88,5.42,10.0,7.64,6.24,8.35,7.22,Financial Analyst,ABM
8.37,9.78,9.9,8.62,9.26,6.91,5.5,5.92,6.76,6.07,Lawyer,HUMSS
6.91,9.81,9.41,8.98,8.51,6.53,6.17,5.47,5.23,6.05,Diplomat,HUMSS
6.3,6.31,7.03,6.06,5.77,10.73,7.8,7.71,10.04,4.76,Tax Accountant,ABM
4.96,2.67,4.25,3.38,4.25,8.83,6.99,7.97,6.05,8.63,Developer,STEM
4.47,6.08,5.72,6.7,4.84,8.24,8.44,6.32,7.99,7.65,Financial Analyst,ABM
3.59,5.2,1.86,1.43,5.37,6.33,5.24,4.85,1.23,0.9,Chef,GAS
9.07,9.07,8.83,11.07,8.24,5.9,7.19,6.15,7.16,5.55,Teacher,HUMSS
5.82,1.66,3.4,4.03,5.82,11.74,9.87,8.68,8.93,8.17,Scientist,STEM
6.27,3.35,2.55,7.94,5.99,3.03,5.55,0.21,4.6,6.72,Chef,GAS
4.31,3.83,3.56,4.27,3.31,11.14,9.42,9.38,10.23,9.06,Engineer,STEM
7.34,7.7,8.17,7.52,9.74,6.58,5.07,5.59,5.67,5.64,Lawyer,HUMSS
8.05,2.77,-0.4,6.03,11.27,5.99,6.53,8.24,2.65,2.19,Chef,GAS
7.38,9.27,8.77,9.46,8.15,5.1,4.79,7.35,5.91,5.59,Diplomat,HUMSS
2.52,6.09,2.98,6.12,9.32,8.46,6.83,3.13,1.33,8.0,Police Officer,GAS
6.34,5.71,4.33,8.37,7.79,3.99,7.05,5.09,3.52,4.81,Event Coordinator,GAS
8.42,9.93,7.06,9.9,9.69,4.39,6.67,5.04,4.86,5.95,Teacher,HUMSS
6.59,7.01,4.67,5.43,4.89,4.6,6.64,5.78,6.07,3.75,Fashion Designer,GAS
7.7,6.5,6.7,5.69,7.23,10.47,5.17,6.66,9.9,7.03,Business Analyst,ABM
3.45,5.37,7.05,6.64,5.3,5.46,4.22,6.06,4.55,3.83,Fashion Designer,GAS
4.47,4.36,5.08,3.02,5.5,10.2,6.87,9.89,9.29,8.53,Architect,STEM
7.92,8.67,9.85,8.7,9.69,6.76,6.89,4.79,5.64,5.92,Counselor,HUMSS
3.88,7.37,2.82,5.69,5.7,7.91,4.8,4.34,5.94,5.44,Nurse,GAS
3.4,2.69,4.0,3.17,2.73,10.86,8.18,7.77,10.02,7.19,Analyst,STEM
4.29,5.76,6.88,6.53,4.54,9.46,8.66,7.42,8.99,6.59,Financial Analyst,ABM
6.45,5.37,6.28,5.79,6.58,10.75,7.45,6.64,9.62,6.75,Tax Accountant,ABM
5.69,4.64,7.34,5.38,5.79,10.35,9.2,6.61,9.37,8.06,Planner,ABM
10.07,10.19,7.78,8.71,9.58,5.54,6.0,5.1,5.96,5.57,Journalist,HUMSS
2.74,5.43,2.73,4.02,2.07,9.53,9.17,9.7,9.36,6.72,Analyst,STEM
6.39,4.54,5.17,6.22,5.55,8.84,6.67,8.81,9.64,7.29,Manager,ABM
5.33,3.75,2.87,2.52,3.9,6.81,10.12,9.31,8.36,6.91,Architect,STEM
4.6,5.5,5.69,3.17,3.43,1.14,2.79,4.9,2.4,3.69,Artist,GAS
4.69,3.37,3.56,5.24,4.88,9.84,8.65,8.06,8.81,7.45,Analyst,STEM
5.04,5.64,4.09,5.82,6.49,9.74,7.47,6.24,8.69,5.78,Accountant,ABM
7.22,4.69,7.04,7.3,5.78,11.44,7.27,5.97,10.0,5.49,Financial Analyst,ABM
2.71,4.51,3.47,3.23,3.99,8.85,9.57,8.02,9.11,8.42,Scientist,STEM
6.33,7.41,6.31,7.0,6.48,8.63,7.64,7.41,11.28,7.78,Planner,ABM
3.53,3.75,3.34,3.53,3.57,8.62,8.33,8.89,8.94,10.06,Scientist,STEM
9.1,9.4,9.01,10.46,8.55,5.12,6.48,5.28,5.54,5.1,Diplomat,HUMSS
4.01,3.42,6.57,6.66,7.76,9.09,7.01,7.94,11.0,7.68,Financial Analyst,ABM
4.73,4.58,6.96,5.84,5.53,4.13,3.43,5.14,6.0,3.45,Police Officer,GAS
3.86,4.4,3.27,4.02,4.85,9.67,8.88,9.81,10.91,7.87,Architect,STEM
5.96,5.11,3.59,4.04,2.71,0.32,10.9,2.89,6.72,3.97,Police Officer,GAS
9.21,8.69,10.42,7.58,8.14,5.76,5.04,5.64,5.4,6.36,Diplomat,HUMSS
5.4,6.02,3.8,6.45,6.24,9.92,6.24,7.66,9.6,6.85,Tax Accountant,ABM
3.85,4.86,3.18,3.29,4.28,8.32,6.51,9.08,10.07,8.22,Technician,STEM
10.15,9.21,10.59,8.41,9.0,6.88,4.14,4.77,5.09,7.92,Counselor,HUMSS
3.27,9.36,3.33,6.61,9.2,4.89,5.57,7.75,2.72,3.87,Chef,GAS
6.19,6.06,8.11,7.01,7.19,3.57,7.56,8.49,5.67,3.8,Police Officer,GAS
0.34,4.68,3.26,5.75,3.03,0.65,4.52,4.42,0.99,3.8,Fashion Designer,GAS
9.11,8.74,8.06,7.75,10.29,4.82,4.31,5.62,7.44,6.04,Journalist,HUMSS
9.46,7.73,9.17,8.95,9.51,6.24,8.5,7.03,4.75,7.35,Social Worker,HUMSS
3.34,3.81,4.17,4.75,2.72,8.85,9.95,10.51,7.69,9.13,Engineer,STEM
5.83,8.01,7.34,5.06,5.91,9.41,6.81,7.31,8.53,7.71,Business Analyst,ABM
8.74,10.35,8.22,8.06,9.67,4.74,7.12,6.08,5.84,6.77,Teacher,HUMSS
6.98,4.75,7.57,6.04,6.33,9.5,6.48,5.3,9.63,5.7,Financial Analyst,ABM
9.05,9.1,9.05,8.97,9.17,5.06,5.44,5.41,6.72,7.93,Teacher,HUMSS
5.88,2.73,4.86,5.84,2.52,0.93,7.69,-1.24,3.69,7.02,Fashion Designer,GAS
6.83,5.87,6.03,4.36,6.89,9.0,7.69,6.24,8.49,6.35,Financial Analyst,ABM
4.0,4.68,5.42,3.03,2.85,8.69,7.12,10.28,9.92,6.74,Architect,STEM
6.57,4.66,5.29,6.1,5.79,7.76,7.17,7.46,9.53,7.24,Business Analyst,ABM
4.39,2.09,3.5,3.04,5.16,9.44,10.22,9.33,10.15,8.02,Engineer,STEM
6.68,4.55,4.74,5.68,6.15,5.4,6.15,6.06,4.0,6.27,Artist,GAS
1.24,2.56,3.04,6.24,9.33,3.31,7.34,4.63,3.93,9.89,Fashion Designer,GAS
5.86,6.72,0.13,8.0,5.99,3.8,10.29,-0.22,5.85,4.98,Event Coordinator,GAS
4.0,2.93,2.51,4.78,3.71,9.46,8.19,9.78,8.0,8.88,Scientist,STEM
0.88,10.2,3.77,8.54,6.97,2.51,3.73,9.77,4.0,4.41,Fashion Designer,GAS
4.07,8.96,3.01,4.44,5.36,3.97,2.56,4.75,1.96,3.41,Fashion Designer,GAS
4.82,4.2,3.23,3.67,5.92,10.04,8.28,9.02,10.94,5.63,Developer,STEM
3.45,5.56,7.08,7.02,5.19,6.9,4.85,5.62,6.24,6.58,Nurse,GAS
7.69,4.5,6.3,5.3,6.47,7.28,8.87,7.42,8.47,2.59,Event Coordinator,GAS
10.53,8.65,8.86,8.99,9.79,4.92,3.93,5.39,4.85,7.14,Diplomat,HUMSS
4.01,3.44,4.2,4.63,2.32,7.85,8.95,8.02,9.01,9.84,Analyst,STEM
3.94,3.52,2.97,4.21,3.92,8.37,7.58,7.91,8.61,9.08,Developer,STEM
4.89,4.86,8.26,7.82,6.08,7.4,7.17,6.35,9.15,6.76,Business Analyst,ABM
2.99,2.94,4.08,4.97,3.23,4.37,1.33,0.08,4.12,4.75,Fashion Designer,GAS
4.55,6.16,5.25,1.33,5.09,6.6,6.95,9.22,2.79,2.98,Fashion Designer,GAS
6.14,6.77,6.13,5.63,5.54,9.03,6.36,6.71,10.72,7.21,Accountant,ABM
5.92,5.1,3.73,4.25,6.81,7.58,9.26,9.29,9.84,9.22,Developer,STEM
6.1,4.03,9.66,10.11,5.2,5.82,1.0,3.15,0.51,-0.44,Event Coordinator,GAS
6.71,5.27,3.99,5.49,4.23,4.69,4.96,6.49,5.02,7.09,Artist,GAS
3.35,5.03,2.22,2.44,5.57,9.15,10.16,9.92,9.94,9.68,Engineer,STEM
2.27,1.4,4.31,3.61,3.49,8.67,9.44,9.24,11.66,8.64,Scientist,STEM
8.26,9.12,7.76,10.01,9.42,8.27,6.81,5.62,6.57,5.13,Social Worker,HUMSS
9.05,9.16,9.13,7.1,10.47,4.64,6.23,6.7,5.13,7.01,Social Worker,HUMSS
8.78,9.45,8.81,8.45,9.09,7.06,5.7,4.79,6.18,6.34,Journalist,HUMSS
4.76,7.69,5.57,6.86,5.98,8.74,7.95,5.93,9.52,7.56,Tax Accountant,ABM
9.49,9.12,8.69,9.11,9.93,5.83,3.59,4.72,5.87,6.2,Lawyer,HUMSS
7.39,6.49,4.84,4.95,6.32,8.19,7.13,7.81,8.15,7.14,Tax Accountant,ABM
6.85,6.7,5.04,6.08,4.14,10.94,5.89,6.9,9.08,6.28,Manager,ABM
1.23,3.32,3.84,5.8,3.25,7.57,8.2,8.19,8.27,7.87,Engineer,STEM
8.25,8.76,9.44,9.99,9.26,6.25,3.31,6.01,5.53,4.19,Journalist,HUMSS
9.46,9.97,8.85,8.65,8.8,4.65,4.86,5.48,5.87,6.51,Journalist,HUMSS
4.97,5.87,5.42,6.44,6.29,8.57,7.07,4.79,9.11,8.5,Accountant,ABM
2.4,3.6,4.31,4.61,4.65,8.69,9.76,9.02,8.04,9.01,Technician,STEM
9.4,10.12,9.34,8.12,9.24,5.77,5.24,5.49,7.37,6.15,Journalist,HUMSS
8.79,9.87,9.87,8.33,8.38,5.55,7.87,5.44,5.7,7.27,Social Worker,HUMSS
5.91,5.63,5.21,5.58,6.02,10.09,9.66,5.97,11.78,6.51,Manager,ABM
7.56,4.37,6.05,5.78,5.75,8.84,7.04,6.25,9.51,8.21,Business Analyst,ABM
6.64,7.17,4.35,8.04,5.26,8.96,8.45,8.82,10.54,7.32,Business Analyst,ABM
10.01,7.94,8.62,9.56,9.03,6.29,5.77,5.73,7.47,7.08,Social Worker,HUMSS
4.57,2.58,3.19,3.35,3.53,8.34,6.93,9.07,9.13,6.99,Technician,STEM
9.02,8.5,10.58,8.59,7.57,6.45,5.65,5.83,5.56,5.71,Journalist,HUMSS
8.19,9.53,11.02,9.6,7.06,6.76,6.26,5.99,5.86,7.34,Journalist,HUMSS
9.53,8.46,8.93,7.69,8.38,7.94,5.42,6.91,5.73,7.22,Diplomat,HUMSS
3.33,4.82,4.32,4.84,3.46,10.4,8.65,9.83,8.1,9.48,Analyst,STEM
4.41,3.11,2.9,5.37,2.35,10.56,8.78,9.94,9.65,8.58,Developer,STEM
5.36,1.91,6.1,2.01,3.78,6.88,8.52,9.82,9.88,9.74,Architect,STEM
4.91,5.88,5.09,7.33,5.8,9.39,5.76,7.85,10.64,7.44,Accountant,ABM
8.77,8.28,8.51,9.51,10.34,5.45,5.96,6.31,7.33,5.27,Social Worker,HUMSS
5.03,8.16,2.46,3.96,4.2,8.57,3.58,5.12,3.29,-0.28,Police Officer,GAS
7.52,3.38,4.98,2.13,8.62,2.53,6.58,3.71,5.28,7.13,Chef,GAS
3.34,4.97,4.17,3.98,2.91,9.18,9.07,8.01,9.5,8.36,Developer,STEM
8.01,9.62,8.9,8.94,10.61,5.4,6.4,6.77,6.64,7.54,Counselor,HUMSS
6.62,5.84,5.23,4.65,7.36,9.79,5.79,6.81,7.71,7.91,Manager,ABM
7.65,5.55,5.12,4.84,5.71,8.05,6.96,7.52,8.33,5.63,Business Analyst,ABM
5.21,5.47,7.34,6.54,6.34,7.61,8.33,6.03,5.8,7.7,Planner,ABM
9.6,8.85,8.47,8.88,7.26,6.52,4.98,5.32,6.89,6.89,Social Worker,HUMSS
9.56,10.4,9.01,9.58,9.89,7.01,5.89,5.76,8.27,4.56,Diplomat,HUMSS
7.34,6.43,6.25,6.83,7.04,8.74,6.64,6.51,8.01,6.49,Business Analyst,ABM
8.48,8.01,9.79,8.63,9.65,7.26,6.0,5.08,6.06,6.56,Lawyer,HUMSS
4.77,2.99,2.31,4.96,5.98,7.09,8.25,10.4,8.26,8.88,Architect,STEM
3.39,4.63,5.2,3.99,4.65,7.23,8.73,9.16,8.74,8.02,Analyst,STEM
6.74,6.72,6.76,5.05,7.16,4.95,3.05,7.91,3.35,5.86,Nurse,GAS
4.65,4.34,3.93,4.28,3.5,10.05,10.52,9.63,10.54,8.91,Scientist,STEM
4.18,4.68,2.96,2.77,3.8,9.66,8.38,8.03,11.0,7.84,Engineer,STEM
7.83,8.75,9.09,9.44,8.87,6.04,6.67,7.44,5.71,6.8,Social Worker,HUMSS
5.06,2.44,3.78,5.04,6.41,11.23,8.98,5.98,8.88,8.51,Engineer,STEM
6.18,6.07,6.84,5.64,5.84,9.9,8.62,7.07,10.01,6.54,Planner,ABM
9.84,9.73,8.8,7.76,8.76,6.21,5.87,5.18,5.82,4.38,Journalist,HUMSS
3.43,3.76,5.15,3.37,4.46,10.88,8.85,9.35,9.22,9.81,Developer,STEM
9.24,10.6,10.96,9.62,9.86,6.27,5.99,5.32,4.81,5.2,Journalist,HUMSS
8.64,10.11,9.77,8.49,7.98,4.86,5.2,5.86,7.6,8.06,Diplomat,HUMSS
4.13,4.12,2.32,5.81,3.99,6.77,3.73,4.36,5.64,5.99,Nurse,GAS
3.11,3.64,4.11,4.33,3.97,9.99,8.41,9.49,9.35,9.06,Analyst,STEM
5.55,3.7,6.61,5.99,5.43,9.24,6.23,7.56,10.39,8.18,Tax Accountant,ABM
4.53,3.98,3.54,1.42,3.4,9.3,7.2,10.05,9.67,9.82,Developer,STEM
8.26,9.82,9.86,9.74,8.51,4.87,5.56,5.05,4.76,7.49,Journalist,HUMSS
6.24,8.8,8.88,7.98,11.18,4.98,6.46,7.02,4.88,5.69,Journalist,HUMSS
6.81,4.93,4.66,6.05,5.25,9.88,9.49,8.18,8.72,7.91,Planner,ABM
6.38,3.83,6.51,5.59,5.32,10.24,6.45,5.85,8.71,6.56,Financial Analyst,ABM
5.19,5.85,4.85,6.81,5.74,8.18,7.59,8.16,10.95,7.56,Business Analyst,ABM
4.29,4.31,3.46,4.11,5.5,10.47,7.72,9.39,7.17,7.98,Analyst,STEM
4.4,3.42,6.21,3.17,2.47,8.56,9.69,9.71,9.45,9.3,Scientist,STEM
3.33,2.32,3.88,4.1,4.2,9.2,10.68,7.78,9.12,9.67,Scientist,STEM
5.73,7.18,5.75,4.97,6.65,10.04,6.18,7.23,8.75,7.16,Accountant,ABM
5.55,6.35,7.02,4.48,6.04,8.77,6.68,5.58,10.31,5.86,Accountant,ABM
6.88,6.61,4.12,7.06,4.37,9.27,5.29,7.92,9.19,7.5,Tax Accountant,ABM
4.27,4.04,3.47,4.25,3.25,9.27,7.21,9.28,8.06,9.9,Scientist,STEM
9.56,7.58,8.69,8.38,8.8,7.8,6.98,6.77,5.39,4.4,Teacher,HUMSS
4.66,4.86,3.53,1.85,4.93,7.25,10.6,9.58,9.05,8.09,Analyst,STEM
4.45,3.35,3.42,1.24,8.36,9.56,4.13,3.98,7.05,5.87,Chef,GAS
4.94,2.3,4.43,4.55,4.83,7.91,10.13,10.2,8.76,8.82,Scientist,STEM
5.66,7.23,7.8,3.68,6.59,7.48,6.75,5.66,8.02,7.5,Manager,ABM
6.41,7.28,6.18,3.43,5.46,9.06,6.6,8.18,9.51,9.01,Planner,ABM
2.85,8.79,7.03,7.06,6.29,4.36,4.68,3.94,3.5,6.29,Artist,GAS
6.3,6.75,6.62,4.96,5.87,9.53,6.32,7.82,10.96,5.85,Planner,ABM
7.58,6.37,5.73,5.51,3.41,4.54,6.47,4.19,2.66,7.69,Event Coordinator,GAS
6.62,6.72,6.19,5.28,6.26,10.78,7.07,7.6,8.12,7.53,Planner,ABM
8.22,9.77,9.13,8.48,9.66,8.31,6.45,5.77,4.59,5.59,Journalist,HUMSS
3.49,4.86,4.99,4.65,2.6,7.99,8.59,9.5,8.35,8.34,Technician,STEM
8.7,9.33,9.69,9.48,9.06,5.29,6.05,3.93,4.98,6.2,Teacher,HUMSS
4.82,5.6,5.98,6.2,2.89,6.2,9.52,3.91,5.47,4.84,Artist,GAS
6.37,4.77,5.3,5.31,6.16,10.11,8.81,8.77,8.62,6.46,Accountant,ABM
2.51,2.58,4.25,4.43,3.42,8.63,8.44,9.62,7.51,8.46,Analyst,STEM
2.76,6.01,5.63,4.5,4.8,5.42,9.76,5.88,3.6,6.42,Chef,GAS
5.78,5.78,6.59,4.47,5.41,8.78,6.76,5.79,9.31,7.69,Business Analyst,ABM
4.83,6.06,8.36,10.76,9.63,6.67,3.69,2.61,3.94,8.08,Police Officer,GAS
4.46,2.97,3.71,4.1,3.51,7.69,8.65,11.61,10.07,9.55,Analyst,STEM
9.37,6.72,10.04,8.11,8.86,5.79,5.25,7.12,6.02,5.93,Counselor,HUMSS
5.0,3.68,3.94,0.6,4.97,8.8,7.8,9.35,8.02,8.14,Scientist,STEM
7.04,7.14,5.3,4.23,6.39,9.04,7.11,4.82,9.26,6.1,Business Analyst,ABM
4.44,6.94,5.32,6.53,5.49,11.11,6.76,7.34,9.32,4.65,Planner,ABM
5.08,5.18,6.08,7.17,6.83,9.83,7.76,6.54,8.18,6.62,Planner,ABM
5.82,4.72,6.04,6.03,6.31,8.95,6.18,6.11,10.96,5.97,Accountant,ABM
8.86,8.86,8.33,9.64,9.13,6.2,5.03,6.56,7.15,6.31,Teacher,HUMSS
3.86,5.46,5.62,3.83,2.67,8.67,8.31,7.59,7.81,9.21,Engineer,STEM
2.89,4.28,5.41,3.07,2.17,9.07,7.91,7.64,9.55,9.12,Engineer,STEM
3.12,3.82,2.84,3.46,2.4,9.68,8.52,9.86,6.97,8.31,Developer,STEM
5.93,6.54,5.33,6.96,6.89,9.55,7.53,6.27,8.39,8.36,Business Analyst,ABM
5.98,5.64,3.26,5.93,7.27,8.24,6.36,5.92,11.42,7.69,Financial Analyst,ABM
9.09,9.76,9.76,10.61,9.65,5.21,6.27,8.28,7.38,7.34,Lawyer,HUMSS
7.9,4.92,5.67,5.64,5.25,7.87,5.83,5.74,7.78,6.63,Accountant,ABM
5.44,4.78,7.31,4.96,6.23,10.12,7.57,4.71,9.73,8.8,Business Analyst,ABM
2.08,3.77,4.87,5.26,1.86,7.54,9.19,10.58,8.43,10.59,Analyst,STEM
5.14,3.36,3.27,2.98,3.65,9.8,8.9,8.34,9.42,8.01,Analyst,STEM
5.49,3.82,3.67,4.15,2.82,8.4,9.17,9.28,8.81,7.36,Technician,STEM
6.97,4.86,4.29,6.12,6.31,9.82,5.87,5.46,9.64,7.29,Financial Analyst,ABM
5.09,4.19,6.26,6.41,5.31,6.13,7.1,6.64,6.74,4.76,Police Officer,GAS
3.66,5.39,4.97,6.11,6.76,7.58,5.1,7.39,10.01,5.86,Accountant,ABM
5.48,10.84,7.71,3.25,3.47,5.37,4.02,4.13,5.01,2.04,Chef,GAS
10.32,8.36,7.53,8.51,7.97,7.42,6.44,5.64,5.86,6.59,Teacher,HUMSS
10.13,11.3,7.08,8.82,9.18,6.2,6.01,6.22,7.4,6.02,Counselor,HUMSS
5.75,7.11,5.43,4.54,4.94,9.73,7.06,7.39,7.81,4.31,Tax Accountant,ABM
8.53,10.32,8.22,7.72,7.56,6.72,6.75,3.98,6.02,6.45,Diplomat,HUMSS
9.24,7.94,9.74,9.51,6.72,6.35,4.88,4.84,6.28,5.03,Social Worker,HUMSS
7.71,10.26,9.06,7.39,8.96,3.78,4.26,5.92,6.82,7.17,Social Worker,HUMSS
10.22,9.09,9.1,6.99,9.16,5.39,5.04,7.21,6.12,5.47,Diplomat,HUMSS
3.56,3.53,6.39,6.59,5.32,6.04,3.17,3.79,4.63,6.94,Police Officer,GAS
6.03,7.71,6.74,3.86,6.33,8.2,7.18,7.73,9.37,6.5,Tax Accountant,ABM
4.14,4.7,4.56,2.81,4.04,9.02,9.97,9.29,9.49,9.15,Engineer,STEM
3.46,4.74,4.05,8.3,4.55,5.58,7.82,4.94,7.25,8.65,Artist,GAS
5.24,2.88,5.84,9.1,5.39,4.06,4.99,7.82,4.34,4.59,Fashion Designer,GAS
5.4,5.23,3.58,4.39,4.58,7.6,4.11,2.76,3.06,5.23,Event Coordinator,GAS
5.5,3.87,6.71,5.32,5.56,8.5,7.82,7.45,10.09,7.12,Tax Accountant,ABM
4.28,1.92,3.01,3.16,2.66,7.6,9.09,10.16,8.45,7.42,Technician,STEM
7.46,5.07,7.06,6.4,6.31,7.24,6.81,6.52,8.9,6.79,Financial Analyst,ABM
4.54,4.93,3.48,4.62,4.19,8.61,9.54,7.49,8.7,9.87,Technician,STEM
9.73,10.25,9.02,8.76,8.51,5.73,7.11,4.96,4.34,7.43,Counselor,HUMSS
9.89,7.96,9.71,9.04,8.68,4.94,7.73,5.83,5.96,6.21,Lawyer,HUMSS
5.53,5.51,6.48,7.34,6.58,8.81,7.33,8.33,9.21,4.71,Accountant,ABM
5.35,4.91,5.11,6.66,6.51,8.32,6.13,6.32,10.48,8.25,Accountant,ABM
2.61,4.6,3.79,2.74,3.95,8.29,9.05,7.35,9.71,8.85,Developer,STEM
7.08,5.12,5.32,5.57,6.53,11.5,6.7,8.43,9.05,5.37,Business Analyst,ABM
10.57,10.38,10.24,8.89,7.98,6.21,5.73,5.07,8.02,5.52,Teacher,HUMSS
5.48,5.88,4.89,5.53,5.51,11.47,6.68,5.63,8.54,7.34,Manager,ABM
6.32,2.55,3.74,2.73,3.08,8.56,8.84,9.85,10.32,9.33,Analyst,STEM
6.71,7.0,6.0,5.63,6.25,7.75,5.78,10.47,8.46,5.27,Manager,ABM
6.51,7.8,5.26,7.04,4.41,8.91,7.78,7.31,7.72,8.1,Tax Accountant,ABM
5.71,5.54,4.04,4.17,3.97,9.21,9.77,10.19,7.36,8.9,Architect,STEM
5.16,4.94,6.95,7.5,5.28,8.54,6.09,5.58,9.39,7.31,Manager,ABM
8.74,7.84,12.55,7.29,8.47,7.36,4.38,7.41,6.0,7.04,Diplomat,HUMSS
2.62,0.68,4.32,2.53,7.49,6.14,7.0,4.35,4.89,4.75,Chef,GAS
9.25,9.4,8.58,8.1,10.0,6.51,5.37,5.23,4.86,4.61,Counselor,HUMSS
6.22,5.55,4.64,8.61,5.96,9.49,7.24,6.67,8.74,6.38,Financial Analyst,ABM
5.14,6.01,4.72,7.41,6.84,9.95,8.31,8.62,8.09,7.55,Manager,ABM
8.74,8.48,8.88,9.56,8.11,4.75,5.08,6.94,5.82,6.25,Diplomat,HUMSS
6.75,4.05,6.23,2.85,4.68,5.16,5.95,5.8,6.9,8.05,Fashion Designer,GAS
5.1,5.78,5.65,4.75,6.9,10.62,5.33,5.7,10.33,6.74,Planner,ABM
2.11,8.92,6.84,2.95,5.59,6.52,3.36,2.01,5.94,5.59,Chef,GAS
8.85,9.48,9.05,8.86,8.58,7.29,6.14,5.8,8.04,6.34,Lawyer,HUMSS
9.77,7.58,8.77,9.38,8.48,4.45,6.21,6.83,5.12,5.9,Teacher,HUMSS
6.17,7.35,4.65,5.05,5.8,8.59,8.48,7.76,8.94,9.48,Planner,ABM
8.59,8.16,7.2,8.43,9.07,4.68,5.4,7.07,7.63,5.84,Journalist,HUMSS
2.56,5.07,2.64,6.98,4.9,2.32,5.22,6.61,7.17,4.97,Event Coordinator,GAS
10.63,10.06,8.12,8.95,8.71,7.03,5.19,6.88,6.4,6.06,Diplomat,HUMSS
6.11,5.61,6.31,6.37,7.72,9.14,7.01,6.46,9.19,5.74,Financial Analyst,ABM
4.62,4.26,5.05,3.0,5.1,9.26,8.46,8.16,10.44,10.93,Technician,STEM
6.35,6.55,4.43,5.16,5.33,7.66,6.76,6.86,8.87,6.85,Manager,ABM
5.81,3.67,4.58,3.78,3.07,10.82,10.11,9.31,9.6,9.18,Architect,STEM
4.37,5.59,5.55,4.88,3.32,7.42,0.57,5.38,3.87,4.26,Fashion Designer,GAS
5.01,6.41,8.07,8.13,2.51,6.23,8.18,3.72,0.91,3.96,Nurse,GAS
4.29,4.53,4.07,4.27,5.58,8.43,8.43,10.3,9.44,8.53,Architect,STEM
4.07,5.68,2.51,4.37,5.48,10.17,7.84,7.91,9.31,8.45,Technician,STEM
3.43,3.97,5.76,2.19,3.48,8.29,8.98,9.58,8.93,7.07,Architect,STEM
4.25,4.13,4.31,4.95,4.01,9.47,10.4,9.15,10.36,7.9,Developer,STEM
9.23,8.71,8.13,8.0,9.75,7.6,7.43,5.29,5.49,6.65,Teacher,HUMSS
2.41,7.95,2.98,3.8,6.57,4.15,5.83,6.2,3.29,8.18,Artist,GAS
9.07,10.36,7.23,8.56,7.44,7.46,5.63,5.85,7.29,5.76,Journalist,HUMSS
10.72,7.82,10.51,8.14,8.7,4.88,6.92,7.15,4.7,6.6,Journalist,HUMSS
4.35,4.76,4.4,3.88,3.94,9.62,7.57,8.72,9.29,9.62,Engineer,STEM
5.92,6.02,7.26,4.52,2.0,5.98,4.92,4.93,7.23,3.12,Artist,GAS
10.82,10.06,10.52,8.97,9.71,5.9,5.84,7.17,6.55,6.12,Teacher,HUMSS
9.77,8.31,8.87,9.7,8.8,4.75,5.53,6.3,6.8,7.04,Lawyer,HUMSS
4.45,8.66,5.03,4.8,6.2,10.81,6.6,5.61,5.97,3.24,Chef,GAS
7.65,10.43,9.34,9.06,9.49,6.37,7.08,8.15,7.18,7.09,Journalist,HUMSS
6.14,5.01,8.67,5.41,4.5,-0.56,3.57,5.84,4.63,4.98,Police Officer,GAS
3.35,4.65,3.81,3.73,3.68,9.42,8.81,9.56,8.64,10.08,Analyst,STEM
4.99,5.7,5.07,3.69,3.58,7.81,7.3,10.16,8.98,9.13,Developer,STEM
3.44,3.71,4.9,3.2,4.51,6.98,8.51,10.74,7.22,9.73,Engineer,STEM
8.94,7.77,8.52,8.71,7.89,5.92,6.25,5.86,5.88,7.42,Teacher,HUMSS
6.92,5.64,7.34,5.97,6.55,11.14,7.68,6.75,6.99,6.27,Financial Analyst,ABM
9.34,10.32,8.77,6.85,7.25,6.16,5.52,6.46,8.74,6.38,Journalist,HUMSS
4.03,4.5,4.34,4.34,6.5,9.06,9.25,9.69,8.41,11.36,Scientist,STEM
6.53,6.75,7.85,4.8,5.7,7.74,6.76,6.71,9.81,5.69,Financial Analyst,ABM
6.15,7.66,4.11,4.36,5.77,9.25,6.01,7.12,9.87,7.4,Financial Analyst,ABM
8.22,8.74,8.15,9.06,8.74,7.18,5.54,7.4,5.81,6.67,Teacher,HUMSS
8.57,7.43,8.5,10.01,9.51,5.58,7.08,7.79,5.1,6.13,Counselor,HUMSS
6.02,6.54,5.89,5.93,6.5,8.11,5.77,7.88,7.95,7.9,Financial Analyst,ABM
5.04,4.57,2.95,3.38,3.4,10.9,9.5,9.69,9.86,8.37,Developer,STEM
9.61,7.3,9.74,8.44,8.36,5.59,4.4,7.81,6.79,4.09,Teacher,HUMSS
4.68,5.95,6.85,6.0,6.13,9.07,6.63,5.17,9.82,5.59,Business Analyst,ABM
7.21,6.03,6.39,2.69,2.31,6.34,5.69,4.46,6.2,4.01,Event Coordinator,GAS
5.98,8.09,5.89,5.12,5.73,9.51,5.41,7.99,8.87,6.41,Manager,ABM
6.4,4.94,6.05,5.07,5.64,9.82,8.06,7.01,6.22,8.75,Business Analyst,ABM
8.78,6.67,0.5,6.78,3.78,3.77,7.24,6.36,2.0,4.27,Artist,GAS
3.65,3.53,2.09,3.38,4.92,8.63,9.78,9.63,8.54,9.1,Technician,STEM
7.2,6.37,6.5,5.65,10.12,9.06,7.45,7.87,9.78,6.09,Manager,ABM
3.39,4.67,4.8,4.49,4.7,8.93,6.33,10.03,7.42,8.53,Scientist,STEM
7.58,7.55,8.88,9.47,10.02,5.32,4.49,4.38,6.06,5.56,Teacher,HUMSS
6.3,6.24,7.09,6.82,5.54,7.98,7.55,7.25,8.24,5.92,Business Analyst,ABM
9.58,7.19,8.98,7.59,8.69,6.66,4.79,5.43,7.45,6.51,Social Worker,HUMSS
8.07,9.35,10.79,9.03,8.9,6.31,7.07,5.22,6.16,6.45,Social Worker,HUMSS
3.41,3.45,2.07,4.33,3.66,10.16,8.09,8.55,9.89,11.01,Developer,STEM
5.25,6.23,4.34,7.46,5.52,3.68,7.03,8.46,3.56,4.07,Fashion Designer,GAS
4.11,5.18,4.2,4.21,5.09,9.74,8.31,9.21,9.84,7.96,Architect,STEM
7.78,9.63,9.2,8.04,11.14,6.19,5.48,6.18,4.36,7.23,Teacher,HUMSS
9.68,7.5,11.88,9.04,9.62,6.59,6.73,5.38,5.29,5.35,Diplomat,HUMSS
5.13,6.19,5.57,6.54,7.23,10.22,6.97,7.27,7.35,7.53,Tax Accountant,ABM
4.37,5.39,6.31,6.66,5.16,8.78,7.81,7.9,9.82,7.4,Business Analyst,ABM
4.93,4.74,3.94,2.75,4.47,5.39,6.67,2.83,7.54,6.16,Nurse,GAS
5.17,3.19,1.79,6.12,3.0,1.37,5.92,6.96,3.73,4.88,Artist,GAS
9.11,10.86,8.84,9.64,7.34,5.4,6.35,6.34,6.94,5.07,Journalist,HUMSS
9.24,10.09,8.04,9.18,9.0,7.46,5.54,6.78,4.08,4.85,Social Worker,HUMSS
7.25,7.57,9.19,8.66,8.85,6.53,5.35,5.05,7.36,4.77,Diplomat,HUMSS
4.17,5.43,5.82,5.57,4.93,7.06,9.28,5.04,5.96,5.24,Chef,GAS
5.59,6.82,7.79,6.21,8.62,8.38,6.93,5.54,8.97,6.63,Financial Analyst,ABM
4.08,5.46,5.19,6.24,7.22,9.63,5.72,6.13,10.12,6.77,Accountant,ABM
8.84,10.37,8.93,9.3,9.74,6.3,7.43,2.84,3.6,5.27,Journalist,HUMSS
6.44,4.56,7.55,1.86,4.75,4.91,1.18,5.99,-0.36,0.95,Chef,GAS
8.03,9.62,8.3,6.63,8.49,5.79,5.08,6.84,6.22,6.7,Social Worker,HUMSS
7.96,8.47,9.08,10.04,7.13,6.42,4.3,6.01,6.93,5.48,Teacher,HUMSS
3.83,5.57,4.14,5.3,6.68,3.69,6.53,6.48,6.29,3.76,Artist,GAS
8.92,7.35,10.82,8.41,9.91,7.49,6.95,7.4,4.98,6.11,Counselor,HUMSS
6.61,5.71,3.3,4.44,5.95,7.72,3.4,6.53,8.04,4.98,Event Coordinator,GAS
2.93,6.27,5.58,6.26,7.96,4.81,5.52,-1.16,3.96,2.26,Event Coordinator,GAS
9.94,9.43,8.34,10.17,8.04,4.22,5.29,5.88,4.58,5.04,Counselor,HUMSS
5.0,7.42,7.6,5.18,2.93,4.58,6.13,5.37,7.52,2.95,Police Officer,GAS
7.53,6.65,5.71,6.23,6.9,9.51,6.77,5.33,10.53,9.4,Accountant,ABM
9.25,9.01,9.04,9.28,8.41,5.99,6.83,6.3,6.9,4.58,Journalist,HUMSS
4.67,6.28,7.19,5.21,5.05,11.96,7.38,6.42,7.89,7.0,Tax Accountant,ABM
3.78,4.59,4.08,3.8,2.5,9.04,10.01,8.67,8.73,10.82,Engineer,STEM
6.82,4.91,2.54,4.86,1.51,8.82,9.87,8.56,8.46,10.34,Engineer,STEM
9.88,7.22,10.41,7.06,10.06,6.52,5.02,5.11,5.36,6.46,Diplomat,HUMSS
8.44,9.27,9.21,9.8,9.3,6.81,3.83,5.13,5.01,5.44,Lawyer,HUMSS
5.17,4.61,6.46,3.7,3.25,4.66,7.12,7.31,4.45,5.85,Event Coordinator,GAS
3.1,1.4,7.19,4.9,6.45,3.0,7.59,3.71,3.91,4.73,Nurse,GAS
5.19,6.58,6.02,5.44,8.52,9.45,5.97,8.25,8.57,7.51,Business Analyst,ABM
7.26,9.58,8.6,9.33,9.19,4.54,6.68,5.7,5.41,7.56,Teacher,HUMSS
6.83,5.85,8.38,5.47,6.79,9.68,7.59,7.5,7.81,7.14,Financial Analyst,ABM
3.52,4.04,5.38,4.32,9.4,3.47,6.15,6.16,4.3,9.24,Chef,GAS
5.84,6.55,2.47,4.3,2.11,4.14,6.4,1.08,8.27,5.69,Event Coordinator,GAS
6.92,7.39,7.34,5.33,3.86,7.63,7.65,7.1,5.99,6.82,Tax Accountant,ABM
6.71,7.52,4.41,4.44,6.19,8.7,7.06,6.4,10.24,5.5,Manager,ABM
8.5,7.87,10.3,9.0,9.93,4.86,4.48,5.93,5.98,4.73,Counselor,HUMSS
6.59,7.96,6.04,6.51,5.38,9.4,6.28,8.94,8.68,8.18,Business Analyst,ABM
8.2,9.56,8.44,9.52,6.99,5.47,6.82,6.68,5.25,6.47,Journalist,HUMSS
5.27,3.24,6.44,7.04,4.15,4.42,2.53,6.17,5.16,7.05,Artist,GAS
10.1,11.18,7.25,9.08,7.96,7.68,5.86,6.7,6.33,5.35,Social Worker,HUMSS
9.59,9.56,8.1,8.71,10.21,6.34,5.91,6.2,5.23,7.17,Teacher,HUMSS
4.88,5.23,1.44,4.57,3.91,8.68,9.95,8.02,7.7,8.78,Analyst,STEM
5.22,4.72,4.0,3.12,1.24,9.72,9.68,7.87,7.29,8.65,Scientist,STEM
5.16,5.62,2.52,4.06,4.23,8.22,8.59,9.86,10.29,10.48,Scientist,STEM
3.08,6.26,5.66,4.39,7.02,1.36,6.53,3.77,4.98,3.4,Police Officer,GAS
8.73,7.88,9.99,8.36,8.45,5.65,6.24,6.13,3.8,6.21,Teacher,HUMSS
8.27,7.59,7.38,9.04,9.3,6.69,6.65,7.91,6.06,6.84,Lawyer,HUMSS
5.32,4.25,5.11,5.42,5.41,9.45,6.92,11.2,10.5,8.47,Architect,STEM
6.64,5.99,6.06,4.95,5.48,8.83,4.67,6.89,9.1,7.56,Financial Analyst,ABM
6.55,5.32,6.42,5.99,5.6,9.07,7.61,7.18,8.16,6.22,Business Analyst,ABM
3.23,4.56,4.29,3.18,3.76,9.86,8.44,8.76,10.26,8.78,Engineer,STEM
7.92,10.83,9.85,7.04,10.09,7.81,5.93,6.94,5.42,5.54,Diplomat,HUMSS
5.42,6.5,5.83,6.86,4.42,9.52,6.99,7.86,11.07,6.91,Financial Analyst,ABM
4.74,5.02,2.57,3.95,7.9,8.23,5.05,6.75,6.91,6.11,Artist,GAS
4.45,3.92,5.32,5.58,4.89,8.12,8.9,7.61,9.55,9.94,Technician,STEM
4.33,1.59,4.17,5.31,1.14,7.02,4.92,5.2,7.64,11.81,Event Coordinator,GAS
8.62,9.85,10.13,8.03,9.66,6.04,6.42,7.07,5.22,3.31,Lawyer,HUMSS
3.97,4.6,4.73,3.82,2.18,8.53,8.04,8.8,11.22,9.98,Technician,STEM
6.97,5.56,5.8,4.52,6.89,9.3,7.04,7.66,8.67,6.42,Financial Analyst,ABM
5.95,3.64,6.54,6.45,5.54,8.21,6.9,8.67,9.86,5.31,Business Analyst,ABM
9.04,9.63,8.28,7.72,9.93,5.26,6.25,7.05,6.41,6.0,Diplomat,HUMSS
8.63,11.06,10.4,9.15,11.19,6.0,6.37,6.45,6.68,7.64,Social Worker,HUMSS
5.97,5.18,6.64,1.77,4.24,8.29,7.52,8.04,5.71,4.06,Chef,GAS
7.14,8.29,9.82,10.14,9.47,6.24,5.68,4.78,5.96,4.8,Social Worker,HUMSS
8.35,10.07,7.59,8.05,8.67,5.31,5.05,7.63,5.03,3.73,Social Worker,HUMSS
5.03,6.67,5.69,6.9,5.93,8.56,7.36,6.3,10.01,7.82,Business Analyst,ABM
7.46,8.48,6.78,6.74,6.42,10.59,5.52,8.7,10.68,7.6,Business Analyst,ABM
9.57,8.15,7.66,10.17,9.24,4.47,7.59,5.58,6.21,6.38,Social Worker,HUMSS
6.28,6.53,4.02,9.32,5.62,5.71,5.63,7.43,2.93,0.18,Artist,GAS
8.28,8.7,8.86,8.32,7.84,6.22,6.95,3.57,6.78,5.88,Journalist,HUMSS
3.37,5.12,5.64,4.26,8.14,7.79,2.25,3.03,2.96,8.26,Nurse,GAS
5.2,5.97,6.54,5.97,6.23,8.31,7.11,5.89,9.64,6.64,Accountant,ABM
10.17,9.23,8.78,7.89,7.97,7.04,5.34,5.9,5.62,5.27,Counselor,HUMSS
4.05,4.08,0.42,7.53,5.45,4.68,5.62,6.28,2.75,5.59,Event Coordinator,GAS
7.62,4.59,4.5,5.67,3.61,7.21,3.51,4.32,2.09,4.72,Fashion Designer,GAS
8.36,8.44,9.42,9.53,7.89,6.15,4.62,5.57,6.54,6.31,Lawyer,HUMSS
3.07,3.08,4.22,3.47,5.22,8.58,10.62,6.76,8.61,8.28,Scientist,STEM
4.11,3.35,3.2,2.81,6.43,9.97,8.29,9.81,8.76,8.57,Engineer,STEM
10.0,7.24,9.79,9.13,8.32,6.85,6.64,7.18,6.78,7.14,Social Worker,HUMSS
3.74,3.34,2.91,4.74,1.79,6.74,8.48,10.44,9.83,10.68,Engineer,STEM
7.44,5.97,5.08,6.91,4.73,4.59,4.15,4.09,3.7,2.49,Police Officer,GAS
4.62,3.56,5.6,4.5,3.99,8.46,8.87,8.65,8.41,8.12,Developer,STEM
9.18,8.83,8.04,8.13,9.66,6.1,4.63,4.99,5.59,5.47,Diplomat,HUMSS
4.11,3.82,4.83,4.83,2.22,8.76,8.19,8.55,8.89,9.12,Architect,STEM
6.03,4.56,6.2,5.29,6.71,8.29,7.22,7.1,10.94,6.85,Financial Analyst,ABM
4.84,2.55,3.75,5.58,2.68,10.7,9.96,8.11,7.69,8.07,Analyst,STEM
8.04,9.11,9.99,9.72,8.58,5.75,5.44,7.37,5.58,7.84,Counselor,HUMSS
6.01,6.28,4.74,6.27,6.4,9.69,7.51,8.51,9.31,6.02,Accountant,ABM
3.73,3.95,5.87,6.86,2.55,5.94,5.33,7.05,4.57,5.89,Nurse,GAS
4.98,4.03,5.24,5.92,3.63,8.39,8.52,8.9,9.17,7.2,Architect,STEM
6.68,3.5,5.26,4.92,3.99,5.51,3.89,6.69,4.94,3.3,Event Coordinator,GAS
8.78,7.6,7.93,9.84,10.28,6.34,6.95,7.52,6.19,6.61,Counselor,HUMSS
7.05,5.9,7.96,5.89,6.86,7.88,6.64,7.32,9.06,5.61,Accountant,ABM
3.49,4.51,3.71,4.05,4.85,9.97,9.2,8.89,8.33,9.63,Architect,STEM
4.17,2.17,4.22,2.96,4.69,8.36,9.29,8.89,9.38,11.29,Technician,STEM
6.05,5.97,4.85,4.85,4.85,9.65,6.53,5.73,9.86,6.54,Planner,ABM
3.72,5.25,3.68,4.74,3.97,9.06,9.8,9.93,8.8,9.63,Developer,STEM
4.23,7.3,3.31,5.34,5.42,3.28,4.55,5.81,6.77,1.21,Event Coordinator,GAS
7.67,5.01,5.91,5.63,5.9,11.9,6.43,7.48,8.17,7.46,Tax Accountant,ABM
4.56,5.05,4.14,3.15,2.8,7.62,9.62,8.82,9.73,10.08,Engineer,STEM
8.46,7.11,9.2,10.22,9.75,5.83,4.35,6.58,4.86,5.46,Lawyer,HUMSS
8.9,9.41,8.8,8.51,6.92,5.5,4.75,6.53,5.38,6.38,Journalist,HUMSS
5.16,5.55,8.23,6.27,5.96,8.17,9.86,7.74,10.91,7.16,Financial Analyst,ABM
9.79,8.44,7.85,9.95,7.79,4.79,5.81,6.02,5.52,8.17,Diplomat,HUMSS
2.76,9.02,2.27,4.88,6.61,5.95,0.63,8.2,6.23,2.6,Police Officer,GAS
2.85,5.5,4.42,3.97,4.15,10.25,8.09,9.0,8.33,8.76,Technician,STEM
6.61,7.66,6.54,5.01,5.66,9.56,5.69,8.47,9.73,7.16,Manager,ABM
4.97,3.71,4.28,5.35,5.58,3.74,1.07,0.83,9.46,4.92,Event Coordinator,GAS
7.18,8.19,4.81,5.85,7.33,8.24,7.17,6.32,9.25,5.01,Planner,ABM
2.52,5.07,3.83,5.33,4.59,9.18,7.98,10.0,7.97,7.21,Engineer,STEM
5.71,6.58,7.62,5.25,6.21,9.18,5.01,7.66,7.39,7.5,Planner,ABM
5.61,5.4,8.41,5.34,6.17,9.3,6.05,5.68,11.33,5.57,Manager,ABM
2.87,3.58,5.11,5.1,5.97,8.1,6.88,9.04,8.63,9.48,Architect,STEM
3.38,6.3,5.21,6.25,5.36,7.38,5.05,6.03,3.61,3.9,Police Officer,GAS
5.69,5.83,5.21,6.63,5.68,8.56,7.15,6.69,8.7,7.83,Accountant,ABM
9.71,10.37,7.72,8.11,11.21,6.67,7.68,6.9,6.43,3.84,Diplomat,HUMSS
11.43,8.63,9.15,11.82,7.47,6.06,4.38,4.38,4.77,7.17,Social Worker,HUMSS
6.19,7.6,5.24,6.32,5.81,9.07,6.53,7.45,9.61,5.99,Manager,ABM
4.72,6.48,6.99,5.93,6.18,8.64,6.43,5.7,6.81,7.47,Financial Analyst,ABM
6.02,6.51,7.56,5.46,6.07,9.69,7.82,7.54,7.63,5.89,Accountant,ABM
6.59,5.39,5.33,6.56,5.68,8.64,6.03,7.81,9.89,6.87,Financial Analyst,ABM
5.31,6.35,6.48,6.48,5.87,9.78,7.5,6.05,7.79,7.49,Business Analyst,ABM
9.08,11.22,9.69,9.34,8.01,6.58,7.35,6.89,6.58,6.8,Counselor,HUMSS
5.58,4.55,4.67,6.97,7.38,7.82,7.25,6.7,8.44,5.5,Planner,ABM
5.26,4.92,2.99,4.29,2.96,9.94,8.91,8.69,9.92,9.41,Technician,STEM
5.47,8.6,5.05,3.92,4.18,1.75,6.06,4.87,3.53,7.53,Artist,GAS
9.59,10.19,9.22,9.34,8.89,5.57,7.48,6.34,7.06,5.94,Journalist,HUMSS
5.99,5.6,6.3,6.83,5.16,8.78,6.0,8.23,8.85,6.99,Tax Accountant,ABM
10.12,9.05,8.18,9.81,9.74,5.77,8.31,4.29,6.48,6.24,Lawyer,HUMSS
6.58,2.76,2.95,7.36,8.59,6.67,4.89,4.2,2.87,4.58,Event Coordinator,GAS
3.36,4.17,1.16,4.41,5.61,5.66,3.23,3.11,4.37,2.36,Chef,GAS
2.68,5.11,4.6,4.36,4.67,9.18,8.11,7.7,10.08,7.39,Developer,STEM
5.59,5.47,5.15,5.88,6.44,7.22,5.66,7.65,10.05,7.6,Planner,ABM
7.51,6.19,6.38,6.03,6.66,8.01,6.61,7.53,8.9,7.21,Business Analyst,ABM
6.49,5.27,5.84,7.13,5.44,8.56,6.26,7.22,9.85,7.03,Business Analyst,ABM
5.14,4.75,2.98,3.96,2.54,-0.12,5.35,4.75,2.82,8.18,Chef,GAS
4.36,3.18,3.96,6.15,3.62,10.93,10.12,8.55,8.4,9.29,Architect,STEM
6.43,6.8,5.69,5.79,6.2,9.48,5.95,7.5,7.82,6.97,Business Analyst,ABM
10.71,7.87,8.8,10.75,7.57,5.84,6.99,6.02,5.23,7.15,Diplomat,HUMSS
6.52,6.77,4.09,5.75,4.34,10.15,7.44,7.91,8.71,6.76,Planner,ABM
5.6,4.35,5.76,8.07,5.69,9.11,6.38,6.35,7.59,6.99,Manager,ABM
3.26,6.05,3.0,6.49,3.76,4.49,4.35,6.88,2.7,3.67,Event Coordinator,GAS
8.65,3.37,5.54,2.67,10.08,5.98,3.03,7.28,6.23,1.94,Fashion Designer,GAS
11.59,8.32,9.67,10.32,10.07,6.56,7.04,6.98,6.46,5.8,Counselor,HUMSS
4.59,3.03,2.43,3.1,3.6,9.71,8.49,8.82,9.2,9.46,Analyst,STEM
9.25,9.24,8.22,8.1,10.21,6.79,6.08,5.58,5.6,6.52,Teacher,HUMSS
4.22,2.69,4.19,5.4,4.87,9.16,9.32,6.37,10.32,10.14,Engineer,STEM
6.73,2.25,1.95,5.03,7.67,4.47,5.29,7.65,5.59,8.54,Fashion Designer,GAS
5.52,5.29,5.39,6.41,5.85,10.37,7.59,7.08,8.77,7.4,Planner,ABM
8.91,10.54,8.62,9.57,9.97,4.19,6.12,7.11,7.14,4.88,Journalist,HUMSS
3.68,2.71,6.22,5.59,8.18,4.74,6.17,5.0,10.39,6.45,Chef,GAS
2.95,3.26,4.98,4.85,0.43,8.13,5.72,5.68,5.39,4.42,Chef,GAS
4.48,3.19,4.34,4.77,4.0,8.12,3.14,6.67,3.37,3.06,Event Coordinator,GAS
2.43,6.98,5.83,4.75,3.0,6.1,4.87,5.59,7.28,2.19,Chef,GAS
6.47,1.32,7.13,2.66,5.02,6.65,7.61,3.39,5.25,7.54,Police Officer,GAS
4.6,3.71,8.0,5.04,1.01,5.79,7.5,4.52,4.35,4.5,Nurse,GAS
9.28,9.3,7.17,10.01,7.78,6.69,6.27,5.38,8.14,5.54,Counselor,HUMSS
8.79,8.0,8.35,9.62,9.83,7.09,6.72,6.85,5.4,5.22,Teacher,HUMSS
7.07,1.29,5.44,4.22,5.67,6.01,4.62,4.08,7.3,4.5,Nurse,GAS
10.16,3.03,5.1,2.49,6.25,3.74,9.01,1.27,5.89,7.02,Chef,GAS
5.73,6.37,4.47,4.31,5.89,7.16,7.07,5.03,6.01,5.34,Artist,GAS
1.92,3.21,3.64,1.26,5.3,6.84,4.59,1.14,1.43,4.47,Artist,GAS
3.63,4.44,4.04,3.14,2.28,9.19,7.55,10.09,8.04,8.2,Scientist,STEM
8.13,8.08,8.5,10.27,8.71,5.65,6.56,5.96,4.77,5.53,Journalist,HUMSS
5.05,3.36,3.32,3.7,5.63,8.73,8.72,8.52,9.2,7.92,Architect,STEM
6.92,5.71,6.33,7.45,6.72,8.56,7.17,8.21,9.73,6.05,Accountant,ABM
7.6,8.69,8.66,9.15,8.67,6.36,6.69,5.51,6.99,5.94,Diplomat,HUMSS
5.92,6.42,5.55,6.78,6.76,9.76,7.29,5.87,10.02,6.99,Planner,ABM
4.12,5.0,5.15,5.29,3.34,8.94,9.75,8.47,8.58,10.13,Analyst,STEM
5.07,4.53,3.32,1.44,3.9,8.11,9.26,9.66,8.73,8.35,Architect,STEM
2.8,2.06,4.15,1.77,4.55,8.21,11.15,10.32,7.27,9.87,Developer,STEM
-0.13,7.37,3.38,2.57,2.93,3.59,3.85,2.58,4.38,6.15,Fashion Designer,GAS
6.77,6.43,5.16,6.74,7.58,8.63,7.7,6.49,8.65,6.75,Planner,ABM
2.3,5.89,7.8,2.0,2.08,3.59,2.37,3.96,4.31,4.78,Nurse,GAS
5.8,4.53,4.66,4.16,4.56,3.39,4.59,3.28,5.11,1.35,Police Officer,GAS
8.89,7.75,9.47,7.94,9.42,5.39,4.65,6.84,5.09,4.43,Diplomat,HUMSS
6.51,6.85,5.32,5.96,5.68,10.01,7.25,8.33,9.2,7.94,Business Analyst,ABM
6.46,2.67,2.24,2.89,4.33,4.89,5.44,6.86,4.53,3.76,Chef,GAS
4.63,5.53,4.04,5.63,6.4,3.94,7.41,4.73,2.71,9.16,Event Coordinator,GAS
7.1,6.62,6.1,5.83,6.9,7.99,5.63,7.68,9.35,7.46,Planner,ABM
6.01,6.02,6.1,5.5,6.25,9.04,5.27,6.2,7.83,7.73,Tax Accountant,ABM
4.5,9.14,5.87,7.0,5.09,5.3,4.83,6.86,9.16,1.52,Nurse,GAS
6.2,3.16,5.52,4.45,3.49,6.72,5.65,5.95,7.98,3.72,Fashion Designer,GAS
5.48,1.01,4.74,6.33,3.25,5.57,6.12,2.83,2.07,3.33,Fashion Designer,GAS
5.28,4.58,5.41,5.89,4.1,10.54,9.44,8.29,9.41,9.56,Developer,STEM
6.39,2.85,5.41,5.03,2.39,7.33,7.2,7.11,9.03,8.76,Analyst,STEM
9.47,8.83,8.29,8.04,8.59,4.31,6.95,3.15,7.14,4.72,Journalist,HUMSS
3.84,3.82,4.66,4.37,3.85,7.3,9.24,8.39,10.54,9.01,Architect,STEM
4.39,2.66,7.06,7.08,6.61,5.55,7.62,5.09,2.09,4.83,Event Coordinator,GAS
4.54,5.05,5.62,1.7,4.48,9.03,8.96,7.6,9.68,7.67,Architect,STEM
10.81,10.3,8.36,8.65,9.92,7.35,5.67,3.37,6.18,5.09,Journalist,HUMSS
6.01,5.61,4.53,6.15,6.79,10.89,5.25,5.54,7.59,5.55,Manager,ABM
3.13,4.96,5.65,3.68,4.47,7.81,9.08,8.09,10.21,7.66,Technician,STEM
7.14,7.26,7.02,5.96,6.57,10.12,6.82,7.79,7.96,6.81,Tax Accountant,ABM
9.01,8.97,10.49,10.41,9.52,6.34,6.32,6.78,6.65,6.7,Counselor,HUMSS
8.32,8.54,9.45,7.5,10.19,6.5,5.79,6.85,6.46,5.25,Diplomat,HUMSS
8.97,8.13,8.4,10.3,9.31,7.02,6.33,4.47,6.3,6.47,Diplomat,HUMSS
8.38,5.59,5.6,3.96,4.33,4.72,3.95,7.42,6.61,5.43,Fashion Designer,GAS
4.09,2.89,5.16,2.42,4.75,8.88,8.7,10.59,9.24,10.22,Technician,STEM
6.68,5.64,5.64,4.02,4.84,8.68,9.76,6.13,9.13,6.97,Planner,ABM
4.51,4.56,6.08,2.58,3.56,8.73,9.99,10.85,7.64,9.34,Scientist,STEM
4.1,6.14,2.85,3.52,4.02,9.17,9.18,9.69,9.43,9.44,Technician,STEM
9.97,10.07,9.73,8.14,7.76,5.51,6.61,6.51,7.01,7.48,Counselor,HUMSS
5.27,6.05,6.62,5.47,4.96,7.07,7.76,5.68,9.94,8.27,Manager,ABM
5.43,7.05,5.38,4.28,7.31,8.77,7.26,5.98,8.99,7.23,Business Analyst,ABM
5.72,5.87,5.46,6.32,5.19,10.46,7.35,6.86,6.25,7.35,Manager,ABM
2.73,3.94,4.69,3.8,5.96,8.48,9.32,8.1,10.22,7.56,Analyst,STEM
5.03,5.65,5.37,5.96,6.45,8.54,8.26,6.42,10.37,7.47,Planner,ABM
2.39,2.91,5.17,6.03,3.11,4.82,4.79,6.4,5.77,7.53,Artist,GAS
6.13,6.88,4.24,6.53,7.5,6.78,6.63,6.75,11.65,7.96,Manager,ABM
6.94,7.88,6.16,5.54,6.77,9.37,5.17,6.75,8.62,6.1,Planner,ABM
2.64,5.01,4.35,2.72,4.62,9.08,7.01,9.23,8.66,10.14,Technician,STEM
9.85,6.77,9.9,7.6,8.45,7.22,6.2,4.53,6.67,6.48,Social Worker,HUMSS
5.64,4.48,3.19,6.48,2.74,9.53,7.54,10.63,7.78,9.46,Architect,STEM
9.42,7.81,10.71,9.91,8.54,5.54,5.05,5.47,5.82,5.84,Lawyer,HUMSS
6.73,9.11,9.55,9.55,9.38,4.49,6.85,4.89,4.02,5.99,Teacher,HUMSS
7.69,7.54,8.89,9.01,9.07,4.97,7.99,5.34,5.72,5.63,Social Worker,HUMSS
2.27,4.11,3.36,4.11,3.68,7.92,11.66,9.75,7.63,8.63,Engineer,STEM
6.09,5.5,8.38,5.7,4.46,8.48,7.73,7.53,8.76,7.2,Financial Analyst,ABM
4.27,-1.34,4.57,3.6,5.72,3.34,8.82,3.46,5.04,3.58,Artist,GAS
4.67,6.17,4.12,3.49,3.65,7.4,4.86,3.72,9.88,4.84,Artist,GAS
5.55,7.38,7.91,2.63,4.56,7.57,7.63,8.46,7.36,6.31,Accountant,ABM
4.11,4.16,5.89,1.96,3.45,8.58,9.75,9.96,7.31,8.64,Engineer,STEM
6.11,6.28,6.62,5.96,5.69,9.61,9.05,8.77,8.06,5.85,Business Analyst,ABM
3.91,4.58,3.22,3.8,5.25,8.04,9.77,8.78,8.26,10.37,Scientist,STEM
4.12,3.5,4.73,5.11,3.84,7.97,7.44,9.45,6.78,8.94,Technician,STEM
5.06,3.69,4.69,4.91,2.99,9.53,8.66,8.37,9.48,8.45,Architect,STEM
9.85,9.17,8.92,10.68,10.89,5.07,5.48,6.67,5.9,7.4,Social Worker,HUMSS
7.79,4.96,7.89,5.23,7.54,8.71,6.85,5.58,10.59,6.42,Tax Accountant,ABM
9.95,8.82,9.1,8.49,9.79,7.55,6.39,5.52,6.02,5.48,Social Worker,HUMSS
4.93,1.97,6.48,7.28,6.66,5.54,5.58,4.02,4.24,3.03,Police Officer,GAS
6.31,4.3,3.98,4.18,4.81,10.74,7.13,9.92,9.57,9.49,Scientist,STEM
3.98,7.07,5.83,5.67,7.53,8.69,6.38,4.43,8.02,6.15,Manager,ABM
5.44,5.57,4.98,3.13,5.99,8.75,6.29,7.23,8.87,7.37,Manager,ABM
6.96,6.88,4.6,4.31,6.23,9.41,7.83,7.45,8.94,5.47,Tax Accountant,ABM
8.39,11.6,8.08,8.0,9.84,6.54,6.81,5.98,5.09,5.05,Counselor,HUMSS
7.51,5.97,5.42,7.2,6.3,9.42,6.56,8.29,8.18,6.55,Accountant,ABM
8.44,6.16,6.13,5.03,5.2,10.31,5.7,7.58,9.25,7.03,Tax Accountant,ABM
5.75,6.82,6.57,3.37,6.74,8.14,7.05,8.06,9.22,6.93,Financial Analyst,ABM
8.49,8.2,8.01,6.94,7.59,5.32,4.76,5.03,6.74,5.82,Lawyer,HUMSS
6.07,5.92,7.28,6.18,7.69,6.68,6.17,9.34,7.03,4.73,Accountant,ABM
6.06,5.21,4.64,5.51,5.96,10.55,7.86,4.59,9.15,6.13,Accountant,ABM
3.74,2.11,3.41,3.66,4.16,9.05,10.14,8.88,9.03,9.49,Architect,STEM
8.62,4.89,4.02,4.0,6.17,1.13,3.04,3.19,2.85,6.63,Police Officer,GAS
6.29,7.93,6.45,6.84,6.27,8.01,7.49,7.92,9.46,6.32,Business Analyst,ABM
3.24,5.0,3.29,5.89,3.28,8.57,10.0,6.99,9.66,9.15,Technician,STEM
8.67,8.33,10.24,8.67,8.49,6.11,8.08,5.08,4.7,8.0,Journalist,HUMSS
8.75,8.7,8.18,10.72,8.69,6.1,6.07,5.36,5.55,6.61,Teacher,HUMSS
2.65,4.73,4.56,3.78,5.09,9.46,9.7,10.43,9.22,10.59,Analyst,STEM
7.43,5.53,6.8,6.04,8.0,10.08,6.99,6.13,10.46,5.33,Business Analyst,ABM
8.46,1.77,2.08,5.68,2.55,7.0,3.01,4.95,5.51,5.52,Artist,GAS
5.35,2.34,4.18,3.34,4.21,10.33,9.55,9.53,9.1,9.29,Developer,STEM
4.53,6.0,5.74,6.87,7.49,9.69,7.73,6.63,9.28,6.83,Business Analyst,ABM
6.82,5.5,6.65,6.15,5.1,8.06,7.5,7.22,9.68,7.2,Planner,ABM
2.79,3.64,5.3,4.19,4.45,9.16,9.52,9.43,10.58,9.69,Architect,STEM
8.09,3.62,5.84,5.01,7.49,8.27,8.13,6.53,5.78,6.68,Chef,GAS
3.71,5.38,6.73,6.5,7.4,8.7,7.78,6.65,7.1,8.18,Financial Analyst,ABM
2.93,3.0,6.75,2.81,3.09,6.8,6.45,6.64,3.74,3.69,Chef,GAS
5.44,5.67,5.79,4.81,6.68,5.41,6.54,4.57,5.73,3.65,Police Officer,GAS
2.85,3.12,4.57,6.19,3.93,10.53,7.95,8.43,8.54,9.29,Developer,STEM
8.64,10.28,9.47,9.21,9.8,5.91,6.83,6.91,8.21,6.02,Counselor,HUMSS
5.85,6.2,5.72,4.94,4.17,10.12,7.61,7.65,9.2,6.51,Tax Accountant,ABM
3.9,4.09,2.25,3.7,4.71,6.64,9.61,3.18,4.9,3.59,Police Officer,GAS
4.84,3.51,4.23,6.08,3.81,9.83,10.43,10.1,9.55,9.37,Technician,STEM
6.3,2.07,3.84,4.23,6.23,7.6,7.53,6.87,1.17,1.52,Chef,GAS
9.71,9.67,9.09,10.14,7.49,4.53,6.79,5.19,5.24,6.07,Counselor,HUMSS
7.19,6.26,4.67,6.67,6.88,9.51,7.8,8.2,10.1,8.48,Business Analyst,ABM
4.64,4.33,4.2,4.57,3.54,9.73,9.5,9.06,10.06,10.03,Engineer,STEM
4.91,6.15,4.17,4.18,3.22,8.48,8.25,7.9,8.84,10.09,Architect,STEM
6.96,6.44,6.56,5.24,5.47,9.52,7.35,6.81,8.48,7.37,Business Analyst,ABM
3.37,6.94,5.0,4.15,5.16,8.97,8.17,8.56,9.29,8.6,Technician,STEM
3.46,5.05,3.09,3.27,2.98,8.87,7.65,9.42,8.53,8.21,Developer,STEM
3.91,4.32,4.68,1.61,5.9,9.03,9.85,9.13,9.47,7.48,Engineer,STEM
6.63,5.12,1.83,7.06,4.22,8.25,4.77,5.52,7.64,8.25,Nurse,GAS
5.49,5.05,4.79,6.9,6.42,8.97,7.54,6.89,6.75,5.14,Financial Analyst,ABM
6.85,5.87,6.58,6.15,6.21,8.8,7.29,5.0,8.06,6.36,Manager,ABM
6.19,5.83,2.63,3.15,7.29,1.19,4.84,5.34,6.22,6.59,Police Officer,GAS
8.81,8.72,10.44,8.35,8.66,5.62,4.86,7.08,5.9,5.08,Journalist,HUMSS
5.08,3.13,5.65,3.56,4.01,8.77,9.25,8.02,9.47,9.32,Developer,STEM
5.44,4.51,4.25,4.27,4.21,10.03,9.33,8.3,8.97,6.23,Scientist,STEM
2.61,3.9,3.15,3.75,4.27,9.21,7.38,9.62,8.36,9.75,Developer,STEM
9.9,11.43,6.67,9.24,8.71,7.36,6.71,6.12,6.71,6.98,Counselor,HUMSS
10.47,9.28,8.84,9.36,10.11,6.2,5.95,6.3,5.56,5.81,Lawyer,HUMSS
8.41,9.66,7.8,6.94,8.51,4.64,7.05,5.15,5.11,5.01,Social Worker,HUMSS
7.72,7.42,11.25,6.8,10.7,6.57,5.24,4.07,7.25,4.85,Social Worker,HUMSS
6.1,6.0,6.51,5.64,7.36,8.64,6.15,6.96,8.54,5.84,Manager,ABM
8.66,9.39,8.19,7.7,9.44,7.62,6.89,4.32,6.35,5.03,Diplomat,HUMSS
10.21,10.11,8.07,10.1,9.33,5.51,5.73,5.0,4.84,5.69,Teacher,HUMSS
9.24,9.66,7.98,7.96,8.79,4.44,6.43,6.07,6.41,5.06,Lawyer,HUMSS
4.1,5.08,2.75,4.93,3.07,8.7,8.98,8.75,8.88,9.69,Engineer,STEM
5.06,5.52,5.97,5.45,5.64,7.36,6.14,6.6,7.95,6.2,Planner,ABM
3.56,5.35,4.93,3.73,4.6,8.24,9.54,8.72,8.98,8.97,Architect,STEM
3.55,4.38,5.33,3.57,3.51,10.38,8.7,10.64,9.42,8.87,Analyst,STEM
9.98,8.94,6.18,4.59,7.04,5.48,0.86,2.57,4.29,3.87,Fashion Designer,GAS
2.71,1.92,5.26,3.96,4.08,7.01,7.17,3.83,4.63,5.75,Nurse,GAS
2.18,3.87,5.31,4.75,3.78,8.39,10.07,8.31,9.21,6.69,Analyst,STEM
3.85,4.66,4.78,4.97,4.52,9.22,9.26,10.48,8.7,9.22,Technician,STEM
3.08,2.64,2.99,2.64,3.89,8.01,7.25,10.59,8.46,8.92,Developer,STEM
9.68,8.11,8.42,10.31,8.41,6.34,5.27,5.77,5.88,5.57,Diplomat,HUMSS
2.39,3.63,4.32,2.94,4.35,8.92,8.58,7.32,8.92,8.4,Scientist,STEM
9.24,9.86,8.19,8.77,7.97,5.0,6.1,4.53,7.56,7.53,Teacher,HUMSS
4.93,4.98,1.81,4.28,4.96,8.23,7.49,8.13,6.89,10.01,Technician,STEM
6.23,5.63,6.48,6.62,5.69,10.6,6.35,7.0,8.98,5.99,Financial Analyst,ABM
3.99,4.66,3.34,5.38,4.56,8.91,8.15,7.98,9.16,9.05,Scientist,STEM
4.45,5.7,5.21,5.2,4.86,8.19,9.78,7.97,9.75,10.01,Engineer,STEM
9.06,7.69,8.61,8.36,9.34,5.48,6.65,6.21,4.71,6.16,Counselor,HUMSS
10.79,8.01,9.42,8.24,7.24,6.58,5.33,5.58,6.92,6.17,Diplomat,HUMSS
9.21,8.35,9.75,7.9,8.81,5.35,4.97,4.66,7.51,6.68,Journalist,HUMSS
6.5,9.75,8.89,8.83,7.99,6.29,5.6,5.59,6.07,5.2,Journalist,HUMSS
4.22,4.86,3.76,3.8,3.73,8.8,9.12,9.02,7.22,9.11,Scientist,STEM
3.03,4.4,3.98,3.77,4.05,9.29,9.9,8.8,8.43,9.88,Architect,STEM
3.08,3.61,5.35,4.04,4.04,9.46,10.93,9.06,9.75,10.35,Analyst,STEM
4.3,1.77,2.87,5.24,2.7,9.08,8.98,9.46,9.1,9.07,Developer,STEM
4.88,5.41,5.55,4.53,6.06,8.73,5.87,8.18,8.32,7.98,Tax Accountant,ABM
4.05,1.37,7.57,4.25,3.07,4.99,2.12,5.86,4.0,4.15,Event Coordinator,GAS
7.6,5.35,2.74,0.95,7.92,3.85,6.54,6.01,2.99,4.17,Artist,GAS
4.57,5.06,6.13,5.14,5.19,8.04,7.91,7.6,9.75,8.19,Planner,ABM
9.95,8.89,8.06,9.48,8.8,4.89,5.49,5.8,4.33,6.59,Counselor,HUMSS
5.47,5.05,5.83,5.57,7.31,9.66,5.96,7.4,10.33,8.3,Planner,ABM
4.17,4.15,5.08,5.61,3.87,9.4,8.52,8.53,10.2,8.86,Scientist,STEM
3.21,4.94,2.21,5.42,5.22,9.01,10.69,8.71,8.47,7.94,Architect,STEM
5.61,4.99,7.43,5.45,4.9,9.32,6.93,5.41,8.59,5.8,Financial Analyst,ABM
7.38,6.12,5.95,5.73,4.55,7.64,6.83,7.8,9.5,6.84,Planner,ABM
5.62,6.44,5.07,4.48,4.71,8.31,7.08,6.78,8.28,8.49,Manager,ABM
9.53,9.3,12.46,8.84,9.52,7.72,4.9,6.1,7.59,6.51,Teacher,HUMSS
4.17,4.16,1.78,5.59,3.42,8.96,9.0,8.34,7.34,8.99,Analyst,STEM
8.99,9.48,9.87,10.6,7.55,6.68,3.68,5.66,6.1,7.7,Counselor,HUMSS
2.31,6.11,3.3,5.46,8.74,5.63,0.9,4.56,5.68,7.07,Nurse,GAS
9.49,6.35,8.78,10.33,7.38,6.0,4.59,5.7,5.6,5.27,Teacher,HUMSS
5.29,7.31,6.41,5.47,6.74,8.12,6.86,6.88,8.3,7.67,Business Analyst,ABM
6.31,8.24,6.0,6.07,5.19,9.56,7.9,7.02,9.82,5.67,Business Analyst,ABM
3.99,3.84,4.92,7.11,6.97,2.45,5.93,2.25,4.55,1.44,Event Coordinator,GAS
7.24,7.49,5.76,5.86,4.55,9.47,6.27,8.09,9.83,6.6,Manager,ABM
5.13,4.3,10.25,3.98,3.79,2.67,5.07,4.43,5.65,6.28,Event Coordinator,GAS
3.78,6.64,5.18,4.89,4.22,4.4,7.08,6.46,3.15,4.21,Artist,GAS
7.37,6.43,3.76,4.23,6.89,1.98,5.45,4.37,5.29,5.29,Fashion Designer,GAS
4.63,4.69,4.64,4.79,3.43,9.48,9.69,9.23,8.62,8.47,Developer,STEM
5.56,7.0,7.43,6.15,8.21,8.83,6.71,6.22,8.42,5.29,Accountant,ABM
5.53,1.99,4.57,2.8,5.75,8.78,7.91,8.97,9.03,8.74,Architect,STEM
4.49,4.46,7.35,4.19,5.1,3.37,3.92,4.92,5.89,5.54,Event Coordinator,GAS
5.96,5.43,7.68,4.16,5.19,8.48,7.52,7.29,7.63,7.8,Financial Analyst,ABM
3.54,5.16,3.26,4.35,5.41,8.56,8.86,7.68,7.85,7.65,Analyst,STEM
8.6,9.23,8.97,9.6,8.77,6.96,5.39,6.22,5.78,5.94,Journalist,HUMSS
3.71,6.77,5.66,5.69,6.11,8.9,6.98,5.5,9.58,8.71,Accountant,ABM
5.46,6.97,6.4,4.69,8.51,9.01,6.6,6.18,8.39,6.2,Manager,ABM
4.53,1.27,7.63,4.59,5.31,6.72,7.8,4.05,0.71,4.91,Event Coordinator,GAS
5.17,5.17,5.52,4.78,6.58,8.18,7.13,7.95,8.2,7.84,Accountant,ABM
5.72,5.28,6.22,5.91,7.93,9.96,8.86,7.48,9.23,6.17,Tax Accountant,ABM
5.03,4.87,3.45,2.65,3.82,11.11,9.54,8.01,9.53,8.34,Architect,STEM
8.67,9.28,9.79,8.1,8.94,5.44,6.26,6.18,6.56,5.48,Counselor,HUMSS
6.99,7.11,8.16,7.38,5.1,8.64,6.76,7.72,9.47,5.33,Tax Accountant,ABM
4.81,5.41,7.39,5.21,6.89,8.26,6.7,5.64,10.46,7.38,Planner,ABM
3.49,3.46,5.06,3.24,4.38,9.68,9.43,7.12,10.7,8.35,Architect,STEM
5.56,4.84,5.68,4.38,6.0,3.38,8.12,6.49,4.13,4.38,Artist,GAS
4.45,3.62,3.3,4.75,4.96,9.69,9.1,10.64,8.55,10.19,Analyst,STEM
6.26,6.59,7.34,5.15,6.99,4.69,4.74,3.79,6.29,7.25,Fashion Designer,GAS
3.61,4.03,3.57,4.87,4.62,7.51,9.78,8.42,8.46,9.46,Scientist,STEM
4.78,3.32,3.98,2.27,3.86,6.38,9.33,9.49,9.06,8.22,Developer,STEM
3.68,2.35,6.44,4.59,2.88,8.67,10.15,7.75,9.4,8.76,Scientist,STEM
2.76,3.52,4.13,4.23,3.5,8.78,8.45,10.08,8.8,8.09,Technician,STEM
4.62,4.21,5.32,5.58,5.57,10.09,7.26,4.75,9.44,5.88,Manager,ABM
5.4,3.51,5.47,4.44,4.77,7.86,9.36,7.45,7.92,8.72,Analyst,STEM
10.1,7.37,10.88,10.77,10.01,5.12,5.64,5.41,5.46,6.45,Diplomat,HUMSS
4.56,2.68,3.54,5.54,4.17,9.93,9.8,8.37,8.89,8.41,Analyst,STEM
7.62,9.06,6.36,4.89,7.52,9.97,6.54,4.5,9.61,5.63,Tax Accountant,ABM
4.31,2.88,1.86,3.16,4.58,5.54,5.82,5.58,7.71,4.3,Event Coordinator,GAS
7.7,5.42,7.92,6.93,3.39,2.9,2.88,4.62,4.8,5.18,Event Coordinator,GAS
7.51,5.83,5.36,5.52,5.22,8.37,6.46,6.88,8.73,7.3,Financial Analyst,ABM
3.62,4.74,7.99,4.01,5.83,2.73,4.72,5.97,5.77,1.58,Fashion Designer,GAS
2.93,3.14,5.3,3.19,2.78,8.26,9.22,8.23,10.38,10.7,Developer,STEM
7.03,5.96,6.09,6.06,6.08,7.59,6.63,6.88,8.65,6.2,Manager,ABM
5.98,6.84,5.37,5.96,5.78,8.34,7.16,7.34,9.48,6.87,Planner,ABM
2.45,5.91,6.2,4.77,3.99,10.49,7.02,9.3,8.94,9.26,Scientist,STEM
4.5,6.93,5.95,5.9,6.14,9.33,4.54,7.84,8.56,6.44,Financial Analyst,ABM
1.28,3.96,4.03,3.27,4.13,9.58,10.02,8.37,9.11,7.38,Scientist,STEM
8.21,7.31,8.82,7.07,9.31,6.44,6.29,6.87,7.11,5.77,Journalist,HUMSS
4.23,2.93,5.98,5.02,2.14,7.44,4.52,3.86,5.33,5.32,Artist,GAS
3.58,6.94,4.34,6.89,5.92,3.81,4.5,4.82,5.77,4.3,Nurse,GAS
5.73,6.43,7.73,5.09,4.99,10.18,6.61,7.91,8.45,7.24,Accountant,ABM
4.32,5.47,5.95,5.11,4.97,8.74,4.92,6.28,4.19,3.5,Chef,GAS
6.7,6.02,6.91,3.71,6.13,8.07,8.45,6.59,6.99,6.2,Planner,ABM
5.35,5.22,3.09,3.32,3.46,9.41,8.84,6.86,10.24,7.89,Scientist,STEM
9.14,7.79,9.42,8.39,9.69,4.66,4.88,4.67,6.97,5.8,Social Worker,HUMSS
7.23,4.87,5.93,7.36,0.94,1.19,4.5,3.56,4.87,5.37,Nurse,GAS
8.19,9.22,9.19,9.24,9.11,6.73,7.12,7.09,4.51,5.83,Teacher,HUMSS
4.25,3.76,4.94,1.8,4.15,10.22,9.29,9.94,9.66,10.42,Engineer,STEM
6.02,6.14,6.34,4.75,6.11,8.23,8.65,4.43,9.58,4.32,Tax Accountant,ABM
9.23,5.15,9.41,1.01,3.32,0.42,6.65,3.92,4.58,8.35,Artist,GAS
9.11,9.89,8.48,7.36,9.09,6.56,6.81,5.48,6.35,5.32,Teacher,HUMSS
5.07,5.98,3.2,4.81,7.41,4.96,6.63,5.12,3.72,9.84,Event Coordinator,GAS
8.89,8.28,8.85,10.28,9.8,5.71,5.48,5.3,5.06,5.58,Social Worker,HUMSS
10.31,9.42,10.96,9.41,10.0,6.76,5.36,5.73,7.78,4.43,Lawyer,HUMSS
6.61,3.45,4.2,7.39,7.91,2.45,4.19,2.69,8.23,4.92,Fashion Designer,GAS
4.44,5.88,3.4,4.15,4.83,8.27,10.87,9.33,10.14,8.99,Technician,STEM
3.36,4.97,5.56,5.43,5.63,4.53,6.1,5.53,6.7,6.95,Fashion Designer,GAS
5.06,4.04,4.96,2.5,4.06,8.95,9.2,9.98,8.87,8.12,Developer,STEM
5.2,6.09,4.25,5.09,5.68,10.98,6.14,7.73,10.59,6.84,Tax Accountant,ABM
5.98,9.05,7.53,8.77,8.81,6.44,5.35,4.08,6.21,4.25,Journalist,HUMSS
7.31,6.58,8.08,5.83,6.05,9.53,6.51,7.92,8.68,7.2,Financial Analyst,ABM
6.14,5.47,7.1,5.08,5.04,9.52,7.91,7.46,8.71,6.29,Tax Accountant,ABM
6.02,7.83,5.91,6.14,5.97,8.58,6.72,8.74,8.42,9.28,Manager,ABM
7.59,9.41,8.49,7.72,9.55,6.69,5.05,6.07,4.76,4.8,Diplomat,HUMSS
7.87,9.46,9.63,9.12,9.13,4.97,5.7,5.67,4.97,6.46,Teacher,HUMSS
6.87,5.72,5.03,6.06,6.01,11.19,6.68,6.57,8.84,7.62,Tax Accountant,ABM
6.21,0.95,6.43,5.79,2.31,3.03,5.29,3.71,5.77,4.96,Fashion Designer,GAS
11.0,7.89,7.94,8.23,9.05,6.81,6.14,5.9,5.72,5.87,Teacher,HUMSS
5.09,6.97,5.08,7.08,6.17,10.0,7.86,8.52,7.89,7.52,Planner,ABM
9.43,9.84,6.7,9.29,9.65,7.01,5.82,5.63,7.34,6.17,Teacher,HUMSS
4.28,5.01,6.94,5.95,7.0,10.97,5.99,6.57,9.12,8.6,Financial Analyst,ABM
3.6,2.65,4.28,4.83,3.13,9.7,9.7,10.53,7.9,9.13,Architect,STEM
0.74,0.96,1.93,4.98,5.32,5.59,3.31,7.27,5.01,5.64,Event Coordinator,GAS
3.43,3.72,4.74,5.11,5.26,9.07,9.31,10.42,9.65,8.85,Engineer,STEM
4.15,4.81,5.97,2.63,3.43,1.81,5.73,8.61,6.8,3.71,Fashion Designer,GAS
3.77,4.9,7.2,7.05,4.07,2.13,5.14,5.74,4.87,5.22,Fashion Designer,GAS
4.18,6.64,5.96,6.3,3.93,8.63,8.06,7.06,10.03,7.83,Business Analyst,ABM
9.45,9.6,9.58,6.85,8.76,6.5,5.74,5.38,6.46,7.02,Counselor,HUMSS
8.88,9.39,9.15,7.28,8.0,4.95,4.98,5.18,4.79,5.51,Lawyer,HUMSS
5.68,9.61,1.52,1.94,5.25,4.05,3.89,7.26,2.58,6.42,Event Coordinator,GAS
4.96,5.79,4.6,7.9,5.97,9.61,6.82,6.27,8.04,6.2,Tax Accountant,ABM
8.71,7.9,9.65,10.27,8.21,6.25,6.88,4.19,4.41,6.48,Social Worker,HUMSS
6.3,5.09,5.62,5.97,6.01,7.29,5.26,9.62,8.19,7.99,Accountant,ABM
3.87,3.69,4.71,5.27,2.42,8.5,9.48,11.7,9.7,9.9,Engineer,STEM
3.94,4.01,3.65,5.26,2.2,8.17,10.5,10.82,7.96,8.09,Analyst,STEM
8.72,9.92,7.77,9.15,9.29,5.75,5.99,5.89,7.12,5.92,Lawyer,HUMSS
5.49,2.47,3.62,1.64,3.2,9.49,7.91,11.03,9.88,8.19,Developer,STEM
5.85,3.0,3.07,2.59,2.6,7.53,8.01,7.88,7.66,11.15,Architect,STEM
2.84,6.39,3.69,2.76,6.59,6.4,3.66,7.73,6.02,6.48,Police Officer,GAS
4.38,4.7,5.23,3.96,3.08,10.41,8.13,7.99,10.45,9.28,Scientist,STEM
3.59,6.28,2.86,4.58,5.07,8.13,10.12,9.76,9.22,8.75,Scientist,STEM
5.13,5.28,4.42,3.06,5.85,4.38,4.07,3.67,3.0,6.41,Fashion Designer,GAS
2.93,4.07,4.17,4.49,3.64,8.69,8.74,9.15,9.16,9.77,Developer,STEM
5.71,4.59,4.37,3.07,3.81,8.17,9.06,10.09,9.16,7.91,Engineer,STEM
6.94,10.31,8.87,8.83,8.26,4.67,6.34,6.73,5.15,6.26,Social Worker,HUMSS
6.5,5.63,2.08,3.27,3.51,5.17,4.37,4.31,5.15,6.47,Police Officer,GAS
7.11,4.5,6.71,5.19,5.07,8.76,6.45,10.08,9.71,7.64,Planner,ABM
5.01,4.79,4.76,2.97,5.16,9.31,8.58,11.12,8.69,8.32,Technician,STEM
2.5,3.4,2.95,4.8,5.07,10.92,9.27,10.3,7.41,8.56,Architect,STEM
1.06,2.52,4.68,5.76,5.01,4.35,5.52,4.42,5.61,6.93,Artist,GAS
4.59,5.32,7.73,6.89,5.58,7.16,6.47,6.6,6.65,6.61,Financial Analyst,ABM
3.72,3.68,5.25,2.22,2.5,7.85,8.48,9.73,9.31,9.58,Architect,STEM
3.89,7.1,3.23,4.05,4.88,4.35,3.99,5.8,6.35,4.73,Fashion Designer,GAS
2.51,2.51,4.64,4.36,4.11,7.8,9.69,11.22,7.55,8.88,Scientist,STEM
6.15,5.26,5.27,6.18,6.22,6.78,1.93,4.42,0.73,2.37,Chef,GAS
5.67,5.84,1.43,3.45,4.52,4.44,2.58,4.95,6.11,4.9,Fashion Designer,GAS
3.39,5.08,6.13,4.16,2.59,10.24,10.72,8.69,8.5,10.65,Technician,STEM
5.51,6.01,3.0,4.12,3.66,8.38,9.71,8.36,8.46,7.91,Architect,STEM
5.95,4.95,4.38,8.09,4.83,9.62,8.18,6.72,7.73,6.98,Manager,ABM
8.62,4.18,4.27,2.44,7.2,4.16,7.99,2.47,3.0,-0.1,Fashion Designer,GAS
5.85,4.74,4.28,6.23,5.47,9.0,5.95,7.64,10.01,7.14,Financial Analyst,ABM
10.9,9.17,6.71,7.9,10.33,6.66,5.32,7.45,7.0,7.29,Social Worker,HUMSS
9.41,9.33,7.4,9.11,8.29,7.27,5.79,5.88,5.96,6.47,Counselor,HUMSS
2.72,6.53,5.35,5.51,3.9,3.8,6.87,5.13,5.78,6.4,Artist,GAS
4.01,5.1,4.76,6.79,5.96,10.53,6.24,8.93,10.28,6.42,Planner,ABM
5.2,4.15,5.59,4.47,4.89,10.2,10.45,9.02,8.55,7.58,Developer,STEM
3.96,3.96,2.28,6.04,3.21,8.12,9.29,7.99,11.2,9.1,Developer,STEM
4.6,6.06,7.13,7.85,2.35,4.41,8.83,6.18,4.81,4.81,Police Officer,GAS
7.31,10.45,8.11,6.82,11.83,6.05,3.28,5.31,5.52,5.2,Journalist,HUMSS
7.38,6.12,5.49,7.32,7.89,10.75,7.66,7.7,8.15,7.38,Accountant,ABM
7.61,6.8,5.37,8.58,5.7,6.86,5.55,5.03,8.37,6.38,Financial Analyst,ABM
2.76,4.1,4.5,2.72,3.08,9.2,10.08,9.45,8.4,7.34,Developer,STEM
7.81,8.21,9.37,9.6,9.09,6.26,5.11,6.24,3.78,5.19,Counselor,HUMSS
6.87,6.36,4.22,7.73,4.65,8.35,7.6,8.17,9.17,5.57,Planner,ABM
3.09,4.08,4.59,3.63,3.2,9.51,7.53,7.51,10.27,8.88,Scientist,STEM
5.76,5.19,3.6,5.88,7.35,8.77,7.48,6.53,8.88,6.77,Business Analyst,ABM
8.76,10.62,8.26,8.6,7.99,7.97,6.98,6.09,5.69,7.21,Teacher,HUMSS
4.48,4.33,2.7,4.04,3.09,7.57,9.78,11.08,10.36,8.55,Technician,STEM
9.84,8.32,9.56,9.13,9.95,5.59,5.26,4.78,6.47,8.54,Social Worker,HUMSS
5.96,7.42,5.0,7.1,6.38,9.7,7.15,7.51,8.89,4.83,Tax Accountant,ABM
8.09,10.58,7.52,10.46,8.54,6.69,5.33,7.96,7.39,6.74,Lawyer,HUMSS
2.6,3.86,3.91,4.34,2.53,8.55,8.16,9.11,8.01,8.62,Engineer,STEM
3.33,4.03,3.49,4.86,2.83,8.4,9.39,8.57,8.17,7.3,Engineer,STEM
7.12,4.45,5.81,5.24,4.08,8.3,5.56,6.02,10.73,7.55,Manager,ABM
10.17,3.39,3.94,5.11,4.8,5.61,5.4,5.46,3.94,2.66,Fashion Designer,GAS
3.5,4.77,3.66,3.67,3.64,7.92,10.17,11.21,10.18,9.04,Technician,STEM
3.83,3.4,4.21,4.05,4.91,8.66,8.77,10.59,8.72,7.68,Scientist,STEM
7.14,6.84,5.54,6.47,4.92,8.57,7.71,7.82,9.6,7.94,Manager,ABM
7.57,7.17,7.63,9.5,8.98,6.55,5.02,5.86,5.3,4.98,Social Worker,HUMSS
9.57,10.07,6.43,10.13,8.97,5.66,5.04,6.95,5.21,3.91,Lawyer,HUMSS
4.66,4.0,3.39,5.84,4.49,9.78,7.45,8.21,8.27,9.26,Analyst,STEM
9.93,11.05,10.14,10.09,9.74,5.24,6.75,5.2,7.54,5.44,Counselor,HUMSS
9.53,10.05,9.58,10.28,9.54,6.51,5.34,5.22,7.61,6.61,Lawyer,HUMSS
5.4,6.27,5.62,5.03,8.15,9.6,8.39,8.75,10.5,6.79,Tax Accountant,ABM
6.8,6.02,5.44,8.05,5.37,7.75,6.77,6.64,7.85,5.59,Tax Accountant,ABM
4.94,2.17,2.92,3.58,4.84,7.69,9.29,8.82,11.93,8.87,Engineer,STEM
2.97,2.51,4.01,5.16,3.99,10.61,8.07,9.66,8.02,8.77,Developer,STEM
5.81,7.2,7.1,5.94,7.17,9.82,4.97,8.79,9.42,8.46,Financial Analyst,ABM
5.88,5.8,5.12,6.42,6.41,11.42,5.93,6.67,11.12,6.69,Accountant,ABM
9.07,10.36,8.19,9.57,7.76,4.94,5.49,5.36,5.33,6.59,Journalist,HUMSS
8.42,8.74,9.28,8.66,8.3,3.8,4.4,4.86,6.92,6.32,Diplomat,HUMSS
5.22,5.88,4.68,7.14,5.65,8.69,5.92,7.37,6.88,4.97,Accountant,ABM
5.12,5.67,5.51,3.99,2.51,10.07,9.22,7.89,6.9,7.7,Engineer,STEM
4.55,8.6,3.51,6.4,4.64,3.86,3.61,5.56,7.94,3.07,Chef,GAS
4.14,5.56,3.18,4.97,4.9,8.65,8.38,8.08,8.01,6.71,Technician,STEM
9.38,10.61,8.71,8.81,7.88,4.94,5.37,4.9,7.01,6.13,Diplomat,HUMSS
8.2,9.07,9.08,8.83,8.07,5.4,5.48,4.98,6.85,6.76,Journalist,HUMSS
3.24,-0.39,1.81,3.58,8.12,8.17,2.32,4.92,4.18,1.49,Fashion Designer,GAS
8.19,8.84,8.14,9.25,7.58,4.9,7.1,5.22,6.21,8.09,Journalist,HUMSS
4.0,3.75,4.0,3.43,2.85,8.77,8.4,8.62,10.66,9.9,Developer,STEM
9.95,7.68,8.3,6.68,6.62,5.4,7.78,5.95,6.86,5.91,Diplomat,HUMSS
3.04,3.91,4.37,4.74,5.16,5.92,7.28,5.8,5.88,3.49,Chef,GAS
1.86,4.85,3.36,5.33,7.74,6.84,1.68,8.5,6.15,2.99,Chef,GAS
6.57,5.71,4.03,7.33,7.23,8.69,5.7,6.19,11.27,7.11,Business Analyst,ABM
5.24,7.91,6.4,4.79,7.58,9.02,7.9,8.2,8.04,6.04,Business Analyst,ABM
6.59,6.55,6.05,5.49,5.07,9.13,6.47,5.94,8.11,7.51,Business Analyst,ABM
6.39,6.9,4.12,7.86,6.62,9.77,7.45,6.04,8.2,7.55,Planner,ABM
8.63,8.55,9.26,7.27,8.63,7.73,6.6,5.78,5.28,7.41,Social Worker,HUMSS
6.88,6.71,5.47,5.56,7.11,9.46,6.02,6.68,8.3,7.27,Financial Analyst,ABM
9.46,9.7,8.64,8.51,9.22,5.45,5.22,6.05,6.28,5.22,Teacher,HUMSS
6.37,5.42,5.89,6.98,5.74,7.52,7.59,8.78,8.23,7.4,Planner,ABM
3.25,4.35,2.51,4.83,3.56,10.12,9.0,9.68,8.53,8.13,Technician,STEM
5.2,4.91,5.05,6.94,3.9,6.26,7.31,4.44,2.43,3.03,Event Coordinator,GAS
4.75,2.02,5.22,5.84,7.81,7.05,6.05,5.77,1.28,3.45,Artist,GAS
8.83,9.02,8.7,9.01,7.91,5.76,6.01,7.2,5.8,5.24,Teacher,HUMSS
7.77,9.81,8.17,8.34,8.0,5.39,4.6,5.14,6.25,6.37,Counselor,HUMSS
8.03,8.15,9.48,8.05,8.92,5.28,7.59,7.02,4.74,6.67,Teacher,HUMSS
5.05,4.35,2.12,3.72,4.2,10.43,10.23,7.63,9.53,9.09,Scientist,STEM
6.15,5.61,5.97,5.63,6.99,10.52,7.04,7.32,6.68,6.57,Planner,ABM
3.93,4.38,4.13,4.14,5.33,9.29,8.99,8.69,9.0,8.65,Architect,STEM
4.69,5.15,4.35,3.33,3.99,9.7,7.74,9.1,8.53,8.59,Architect,STEM
6.38,6.85,6.04,5.66,7.27,9.48,6.19,6.1,10.02,8.86,Accountant,ABM
2.86,5.92,7.44,1.73,7.15,6.63,1.66,4.87,4.55,5.2,Nurse,GAS
6.18,6.03,5.83,8.03,7.2,9.74,7.56,8.31,7.45,5.51,Tax Accountant,ABM
7.07,5.72,3.69,6.83,5.68,9.12,6.48,7.15,9.36,7.54,Planner,ABM
10.91,7.88,8.96,8.1,8.62,3.93,5.77,5.71,6.95,5.68,Journalist,HUMSS
0.56,5.59,6.55,1.24,3.03,4.07,8.32,6.87,5.48,4.51,Chef,GAS
2.35,4.86,4.99,4.26,5.48,8.65,8.53,6.66,9.57,8.33,Scientist,STEM
5.0,7.26,6.08,6.88,6.21,10.14,6.98,8.12,8.46,7.74,Planner,ABM
9.59,9.03,9.74,7.91,9.9,5.88,5.03,6.13,7.34,6.1,Social Worker,HUMSS
8.01,8.55,6.63,10.44,9.54,6.67,7.02,6.9,7.91,6.27,Lawyer,HUMSS
6.16,4.55,4.7,4.19,4.92,8.51,9.51,9.55,9.52,9.72,Architect,STEM
2.64,3.85,2.48,8.95,3.91,4.05,11.37,6.0,2.75,8.43,Chef,GAS
4.49,4.92,7.99,6.17,5.7,10.57,8.39,5.49,8.72,7.61,Planner,ABM
8.96,6.98,9.29,7.56,9.29,6.24,4.48,3.82,4.77,4.58,Counselor,HUMSS
5.0,4.08,3.82,4.35,3.83,7.3,9.88,9.28,8.99,9.21,Scientist,STEM
3.15,5.47,4.94,5.6,5.34,10.63,8.91,8.05,11.47,8.76,Analyst,STEM
8.23,5.59,4.81,6.76,5.53,4.56,3.64,4.52,1.55,10.33,Fashion Designer,GAS
3.79,3.55,3.93,3.09,3.77,10.74,9.64,9.99,11.27,9.97,Engineer,STEM
8.91,8.09,9.12,10.26,10.11,6.04,4.33,7.0,5.51,5.23,Diplomat,HUMSS
5.78,5.13,5.29,7.5,2.92,8.35,4.06,5.69,0.7,7.62,Police Officer,GAS
7.51,5.85,6.32,6.55,4.82,7.51,6.04,7.56,9.3,6.65,Accountant,ABM
4.44,4.37,3.86,4.16,2.45,9.61,6.96,7.78,8.11,10.89,Engineer,STEM
4.73,4.15,2.07,2.6,3.8,9.42,9.86,8.13,10.57,8.88,Analyst,STEM
8.82,8.61,9.2,9.8,8.66,6.73,5.51,5.22,6.62,5.38,Journalist,HUMSS
6.61,4.28,6.42,3.95,3.06,3.24,7.61,5.53,5.92,3.8,Chef,GAS
8.6,5.83,6.15,5.74,5.75,9.83,7.52,8.64,7.9,7.98,Business Analyst,ABM
6.27,7.66,5.41,7.48,3.91,8.16,7.76,8.87,9.67,7.5,Accountant,ABM
2.94,4.5,3.68,2.2,4.5,9.09,9.87,8.29,8.68,8.66,Engineer,STEM
3.77,4.46,4.05,3.44,6.59,8.12,8.93,8.36,8.45,8.04,Engineer,STEM
4.77,5.75,6.85,6.64,7.72,7.91,5.78,7.17,10.27,6.7,Planner,ABM
5.39,3.21,3.65,4.81,3.69,10.28,7.97,9.66,8.61,7.83,Scientist,STEM
6.9,6.24,5.13,6.17,5.83,9.05,8.5,7.17,6.85,5.55,Financial Analyst,ABM
7.04,4.35,6.81,4.41,5.69,9.07,6.76,7.14,9.22,7.7,Planner,ABM
7.82,5.62,5.14,5.86,6.72,8.1,7.18,6.68,8.67,5.92,Planner,ABM
7.35,5.59,7.35,6.2,4.57,8.94,6.72,6.88,9.19,6.2,Planner,ABM
4.08,5.44,5.39,5.24,5.6,9.43,7.0,5.99,9.27,5.19,Accountant,ABM
7.6,3.46,4.21,6.21,3.2,6.47,6.98,5.55,7.93,4.42,Event Coordinator,GAS
5.41,5.24,5.19,5.53,6.43,7.8,8.19,6.36,9.06,6.74,Financial Analyst,ABM
9.19,9.43,8.46,9.34,8.6,5.45,6.22,6.17,5.81,6.51,Teacher,HUMSS
5.22,4.58,5.35,4.03,5.25,7.78,11.31,10.09,7.72,9.92,Technician,STEM
4.75,3.63,1.93,4.75,4.44,9.9,9.07,9.97,8.51,9.0,Scientist,STEM
5.48,6.61,6.17,7.15,5.92,8.05,5.44,6.68,9.93,7.9,Business Analyst,ABM
9.89,8.18,7.33,10.09,9.92,6.23,6.91,6.37,5.66,6.66,Teacher,HUMSS
8.6,8.08,11.84,7.52,7.81,4.88,5.31,6.75,4.63,5.65,Journalist,HUMSS
10.67,8.22,9.44,9.07,10.78,5.67,7.19,6.5,4.68,6.87,Teacher,HUMSS
8.29,10.31,9.8,7.84,8.21,4.91,5.87,4.58,6.7,6.02,Counselor,HUMSS
9.95,10.81,9.45,9.17,10.23,6.9,5.62,4.64,5.92,6.69,Teacher,HUMSS
